<?xml version="1.0" encoding="utf-8"?>
<data>
  <main>
    <id>abstract_art</id>
    <name>Abstract Art</name>
    <type>definition</type>
    <active_section>ideas</active_section>
    <description>Controversial, empowering, and hugely influential to the present day, abstraction allowed artists to explore new ways of expressing themselves.</description>
    <use_big_images>false</use_big_images>
    <start>1880s</start>
    <pub_time>5/15/2023</pub_time>
	<img_version>?2</img_version>
  </main>
  <quotes>
    <q author="Wassily Kandinsky">"Of all the arts, abstract painting is the most difficult. It demands that you know how to draw well, that you have a heightened sensitivity for composition and for colors, and that you be a true poet. This last is essential."</q>
    <q author="Piet Mondrian">"I began as a naturalistic painter. Very quickly I felt the urgent need for a more concise form of expression and an economy of means. I never stopped progressing toward abstraction."</q>
    <q author="Georgia O'Keeffe">"The abstraction is often the most definite form for the intangible thing in myself that I can only clarify in paint...I found I could say things with color and shapes that I couldn't say any other way - things I had no words for."</q>
    <q author="Joan Miró">"My figures underwent the same simplification as my colors. Simplified as they are, they are more human and more alive than they would be if represented in all their detail. Represented in detail, they would lose their imaginary quality, which enhances everything."</q>
    <q author="Mark Rothko">"The abstract artist has given material existence to many unseen worlds and tempi."</q>
    <q author="Jackson Pollock">"I want to express my feelings rather than illustrate them."</q>
    <q author="Arshile Gorky">"Abstraction allows man to see with his mind what he cannot physically see with his eyes...Abstract art enables the artist to perceive beyond the tangible, to extract the infinite out of the finite. It is the emancipation of the mind. It is an explosion into unknown areas."</q>
    <q author="Clement Greenberg">"Where the Old Masters created an illusion of space into which one could imagine walking, the illusion created by a Modernist is one into which one can look, can travel through, only with the eye."</q>
    <q author="Meyer Schapiro">"The movement of abstract art...bears within itself at almost every point of the mark the changing material and psychological conditions surrounding modern culture."</q>
  </quotes>
  <authors>
    <author link="earthman">Jen Earthman</author>
  </authors>
  <editors>
    <editor link="stephenson">Kate Stephenson</editor>
  </editors>
  <article>
    <synopsys>
			Controversial, empowering, and hugely influential to the present day, abstraction allowed artists to explore new ways of expressing themselves without any ties to previous artistic traditions. The colors, shapes, and marks of abstract art provide an innovative visual language which allows artists to communicate emotions, ideas, and experiences. With less of a focus on the subject of the artwork, the processes and materials with which abstract art is created take on a much greater importance. Texture, depth and, particularly, color become vital tools in conveying the artist's intention.
			&lt;br/&gt;&lt;br/&gt;
			Abstract art falls into one of two categories, partial abstraction, where artworks feature identifiable objects, people, or landscapes, but these have often been simplified, distorted, taken out of context, or rendered in non-realistic colors. Alternatively, fully abstract (nonobjective) works do not draw any inspiration from visual reality. 
		</synopsys>
    <key_ideas>
      <idea>By rejecting traditional modes of representation, abstract artists questioned the very purpose and meaning of art and its relationship to the wider world. This expanded the boundaries of what could be considered art, and challenged traditional notions of beauty and aesthetic value, encouraging a more open and experimental approach to art.</idea>
      <idea>Abstract art, with its non-representational forms and techniques, serves as an effective medium for delving into intricate or elusive ideas that are challenging to express through figurative art. As a result, different artists have employed abstraction as a means to showcase or contemplate an extensive array of principles, philosophies, and ideologies.</idea>
      <idea>The role of the viewer in abstract art takes on a new importance. Instead of portraying easily recognizable scenes, abstract art challenges the viewer to respond to the piece in a more emotional and personal fashion, with different viewers interpretating the same piece differently based on their own experiences and beliefs. As artist, Bridget Riley said, "My work is completed by the viewer".</idea>
    </key_ideas>
    <sections>
      <section title="Beginnings">
        <subsection title="Early Photography and Academic Art">
          <p type="p">In the first half of the 19th century, a number of pioneers including Nicéphore Niépce, &lt;span class="marked_text chart-tooltip-target-top tooltip_id-daguerre_louis"&gt;Louis Daguerre&lt;/span&gt;, and William Henry Fox Talbot invented the field of photography and popularized it. As people, places, and events could increasingly be documented cheaply and easily, the need for artists to memorialize these in paint became less important. At the same time, many artists were also frustrated by the stylistic restrictions placed on them by the Royal Academies (&lt;span class="marked_text chart-tooltip-target-top tooltip_id-the_academy_of_art"&gt;Academic Art&lt;/span&gt;), institutions of great importance in England and France that had become the arbiters of taste in the art world. Only mythological and historical subjects as well as landscapes were deemed widely acceptable and realism in their portrayal was paramount. These two factors encouraged artists to rebel against traditional artistic depictions by seeking new subjects and styles and to experiment with what paint could do that photography could not.</p>
        </subsection>
        <subsection title="Impressionism">
          <p type="img" alt="Claude Monet's &lt;i&gt;Le Printemps&lt;/i&gt; (1886) is an early example of Impressionism" show="1">/images20/photo/photo_abstract_art_1.jpg</p>
          <p type="p">&lt;span class="marked_text chart-tooltip-target-top tooltip_id-impressionism"&gt;Impressionism&lt;/span&gt; arose in the late-19th century in Paris. Painters including &lt;span class="marked_text chart-tooltip-target-top tooltip_id-monet_claude"&gt;Claude Monet&lt;/span&gt;, &lt;span class="marked_text chart-tooltip-target-top tooltip_id-cezanne_paul"&gt;Paul Cézanne&lt;/span&gt;, and &lt;span class="marked_text chart-tooltip-target-top tooltip_id-renoir_pierre_auguste"&gt;Pierre-Auguste Renoir&lt;/span&gt; were interested in creating images of contemporary life with an emphasis on capturing movement and the changing qualities of light. Their works were characterized by being painted outdoors (&lt;span class="marked_text chart-tooltip-target-top tooltip_id-en_plein_air"&gt;&lt;i&gt;en plein air&lt;/i&gt;&lt;/span&gt;), visible brushstrokes, and the use of pure, unmixed colors. As Impressionism developed, artists began to increase the degree of abstraction in their work, even dispensing with horizon lines and clear forms altogether. Monet was perhaps the most extreme; his late work, from the 1920s, features abstraction to such a degree that, at times, the depicted subject is not apparent to the viewer. While not all Impressionist works are viewed as strictly abstract, many are seen as proto-abstract as a result of their painterly and subjective renderings.</p>
        </subsection>
        <subsection title="Post-Impressionism">
          <p type="img" alt="&lt;i&gt;The Olive Trees&lt;/i&gt; (1889) epitomizes van Gogh's use of outline and patterning in his proto-abstract paintings" show="1">/images20/photo/photo_abstract_art_2.jpg</p>
          <p type="p">Many artists working in an Impressionist style began to seek new ways to express themselves personally through their art, often engaging more with abstraction in the process. Rather than the Impressionists' painterly style, &lt;span class="marked_text chart-tooltip-target-top tooltip_id-gauguin_paul"&gt;Paul Gauguin&lt;/span&gt; experimented with emphasizing areas of solid color and defined forms with outlines, dispensing with traditional perspective. He also used color symbolically and referred to his style as &lt;span class="marked_text chart-tooltip-target-top tooltip_id-synthetism"&gt;Synthetism&lt;/span&gt;, in that he used formal elements to convey his feelings. &lt;span class="marked_text chart-tooltip-target-top tooltip_id-van_gogh_vincent"&gt;Vincent van Gogh&lt;/span&gt; also moved away from traditional perspective, which is particularly evident in his depictions of the sky, featuring flat blues with stars or clouds overlaid in a pattern-like fashion. His paintings were characterized by thick brushstrokes and brilliant hues.</p>
          <p type="p">While Gauguin and van Gogh both engaged with abstraction out of a desire for personal expression, &lt;span class="marked_text chart-tooltip-target-top tooltip_id-seurat_georges"&gt;Georges Seurat&lt;/span&gt; and &lt;span class="marked_text chart-tooltip-target-top tooltip_id-cezanne_paul"&gt;Paul Cézanne&lt;/span&gt; were more interested in structural composition. Seurat created a style he called &lt;span class="marked_text chart-tooltip-target-top tooltip_id-pointillism"&gt;Pointillism&lt;/span&gt; where different dots of pure color were painted next to one another. When viewed closely his paintings appear to be an abstract assortment of colors, but from a distance they form a coherent and unified scene. Cézanne was concerned in exploring the use of planes and intense color to represent depth, stating "I seek to render perspective only through color". This ultimately led him to depict objects as they appeared from multiple perspectives simultaneously. While not totally abstract, all of these artists worked with abstraction in some form, and the personal expression and compositional freedom shown in their pieces, influenced other artists to take abstraction even further.</p>
        </subsection>
        <subsection title="Cubism">
          <p type="p">Inspired by Cézanne's experimentation, &lt;span class="marked_text chart-tooltip-target-top tooltip_id-picasso_pablo"&gt;Pablo Picasso&lt;/span&gt; and &lt;span class="marked_text chart-tooltip-target-top tooltip_id-braque_georges"&gt;Georges Braque&lt;/span&gt; pioneered &lt;span class="marked_text chart-tooltip-target-top tooltip_id-cubism"&gt;Cubism&lt;/span&gt; as a way to represent three-dimensional objects on a two-dimensional canvas. This resulted in the simplification of a scene into its key constituent parts and the use of geometric shapes to depict objects and people. Although Cubist paintings were based in reality, their aggressive engagement with shapes resulted in many of their paintings appearing completely abstract to the viewer. Cubism went further into abstraction than Impressionism and Post-Impressionism, establishing an engagement with the flatness of the canvas and new abstract ways to represent reality.</p>
        </subsection>
        <subsection title="Complete Abstraction">
          <p type="img" alt="&lt;i&gt;Kandinsky's Un Centro&lt;/i&gt; (1924) is an example of the artist's dynamic abstractions" show="1">/images20/photo/photo_abstract_art_3.jpg</p>
          <p type="p">There is some debate about who created the first completely abstract work of art, &lt;span class="marked_text chart-tooltip-target-top tooltip_id-kandinsky_wassily"&gt;Wassily Kandinsky&lt;/span&gt; claimed this honor for himself and he was certainly one of the early artists to engage with purely nonrepresentational art. Though he initially created realistic and then semi-abstract works, Kandinsky wanted to create works that depicted the way he felt when listening to music. A theorist in addition to artist, in 1911, he wrote the influential text &lt;i&gt;Concerning the Spiritual in Art&lt;/i&gt;, in which he linked different colors with specific emotions and musical notes, a response that we now recognize as synesthesia, a rare condition where two senses are linked. He began to create entirely nonobjective art in the same year and his abstract works contain a sense of rhythm and joy, entirely evocative of the music that he loved.</p>
          <p type="p">Recently, however, the work of Swedish painter, &lt;span class="marked_text chart-tooltip-target-top tooltip_id-af_klint_hilma"&gt;Hilma af Klint&lt;/span&gt; has come to greater attention and it is now believed that she created completely abstract art some years earlier than Kandinsky, in 1906. Klint studied art at the Royal Academy of Fine Arts in Stockholm and after graduation worked as a portrait and landscape painter. As a young woman, she discovered Theosophy, a religious movement that had links to spiritualism and this shaped her early abstract works. She believed that she was being guided by spirits and she sought to capture these invisible forces on canvas. As a result, between November 1906 and March 1907 she created a series of works called &lt;i&gt;Primordial Chaos&lt;/i&gt;, some of which have a representative element whilst others are fully abstract. She followed this with another abstract series of large works called &lt;i&gt;The Ten Biggest&lt;/i&gt; and she continued to develop her abstraction through the 1910s, moving from more organic forms to geometric ones. At the time of her death in 1944, none of her abstract works had been exhibited and they did not come to wider attention until many years later.</p>
          <p type="p">Other pioneers of completely abstract art included &lt;span class="marked_text chart-tooltip-target-top tooltip_id-mondrian_piet"&gt;Piet Mondrian&lt;/span&gt;, whose abstract art was also rooted in the Theosophy movement. He produced his first non-representational pieces in 1913, stating that he sought "to articulate a mystic conception of cosmic harmony that lay behind the surfaces of reality". Throughout the next two decades, he continued to refine and simplify his compositions. Around the same time, Russian avant-garde artist, &lt;span class="marked_text chart-tooltip-target-top tooltip_id-malevich_kasimir"&gt;Kasimir Malevich&lt;/span&gt; also began to experiment with geometric abstraction and around 1915, he produced &lt;i&gt;Black Square&lt;/i&gt;. This consisted of a simple black square painted onto a white background. It was the most radically abstract painting yet to be created and as Russian essayist, Tatyana Tolstaya, argues, it "once and for all drew an uncrossable line that demarcated the chasm between old art and new art".</p>
        </subsection>
        <subsection title="Dada">
          <p type="p">&lt;span class="marked_text chart-tooltip-target-top tooltip_id-dada"&gt;Dada&lt;/span&gt; started in 1916 in Zurich in direct reaction to the horrors experienced in World War I. Questioning the very fundamentals of society itself, and, in extension, art, its advocates turned from traditional painting and sculpture to nontraditional media and methods. Proponents advocated strategies such as collaboration, spontaneity, and chance, and, while the movement was not entirely abstract, abstraction was a logical arena to be explored in that it had the ability to represent non-rational subjects. &lt;span class="marked_text chart-tooltip-target-top tooltip_id-picabia_francis"&gt;Francis Picabia&lt;/span&gt; created paintings featuring mechanical forms with no relation to reality, whilst &lt;span class="marked_text chart-tooltip-target-top tooltip_id-arp_hans"&gt;Jean (Hans) Arp&lt;/span&gt; exploited the nature of chance, creating abstract works out of bits of paper thrown in the air and glued where they fell. Arp's techniques were influential on both &lt;span class="marked_text chart-tooltip-target-top tooltip_id-surrealism"&gt;Surrealism&lt;/span&gt; and &lt;span class="marked_text chart-tooltip-target-top tooltip_id-abstract_expressionism"&gt;Abstract Expressionism&lt;/span&gt;. Instead of using rational thought to plan out an image, the inclusion of elements of chance allowed artists to completely free their minds while creating their art.</p>
        </subsection>
        <subsection title="Surrealism">
          <p type="img" alt="Arshile Gorky used automatic drawing to create Surrealist painting &lt;i&gt;Garden of Wish Fulfilment&lt;/i&gt; (1944)" show="1">/images20/photo/photo_abstract_art_4.jpg</p>
          <p type="p">Like Dada, while &lt;span class="marked_text chart-tooltip-target-top tooltip_id-surrealism"&gt;Surrealism&lt;/span&gt; was not an entirely abstract movement, many of its practitioners made steps that resulted in significant advances in abstraction. The movement was originally literary, and their engagement with automatic writing, intended to facilitate access to the unconscious, spread into the visual arts in a variety of techniques. Surrealists also incorporated Dada's interest in new media and chance into the pseudo-abstract techniques, decalcomania and grattage. Decalcomania consisted of pressing paint between sheets of paper, while grattage was scratching wet paint with a tool and working with the patterns or images that emerged.</p>
          <p type="p">&lt;span class="marked_text chart-tooltip-target-top tooltip_id-masson_andre"&gt;André Masson&lt;/span&gt;, who had briefly been associated with Cubism, began to create free-association drawings featuring continuous lines, out of which figures and recognizable forms sometimes appeared. As a result of World War II, Masson was exiled to New York and continued his artistic investigation of automatism, ultimately influencing the &lt;span class="marked_text chart-tooltip-target-top tooltip_id-abstract_expressionism"&gt;New York School&lt;/span&gt;. &lt;span class="marked_text chart-tooltip-target-top tooltip_id-miro_joan"&gt;Joan Miró&lt;/span&gt;, on the other hand, merged automatist drawing with abstract forms alongside vestiges of realistic representation. His Surrealist work was ultimately reliant upon a unique lexicon of symbols and figures from an artistic language he developed over many years. &lt;span class="marked_text chart-tooltip-target-top tooltip_id-matta_roberto"&gt;Roberto Matta&lt;/span&gt; also merged automatism with abstraction; early on, he eschewed figuration in favor of using abstract symbols in an attempt to represent his inner world.</p>
        </subsection>
        <subsection title="Abstract Expressionism">
          <p type="img" alt="&lt;i&gt;Sabra&lt;/i&gt; (1966) by Abstract Expressionist Franz Kline is an example of Action Painting." show="1">/images20/photo/photo_abstract_art_5.jpg</p>
          <p type="p">&lt;span class="marked_text chart-tooltip-target-top tooltip_id-abstract_expressionism"&gt;Abstract Expressionism&lt;/span&gt; was the first entirely abstract movement in the United States. It emerged in the late 1940s and 1950s, partly in reaction to World War II. Looking back to Archaic and Indigenous art as well as automatism and Jungian psychology, members of the New York School searched for ways to express their own psyches that would tap into universal emotions in order to be timeless. The two major iterations of the movement were &lt;span class="marked_text chart-tooltip-target-top tooltip_id-action_painting"&gt;Action Painting&lt;/span&gt; and &lt;span class="marked_text chart-tooltip-target-top tooltip_id-color_field_painting"&gt;Color Field painting&lt;/span&gt;.</p>
          <p type="p">&lt;span class="marked_text chart-tooltip-target-top tooltip_id-pollock_jackson"&gt;Jackson Pollock&lt;/span&gt; was an exponent of the former. He began to pour and drip paint onto unmounted, unprimed canvas on the floor, often stepping into the painting during the process. He created entirely nonobjective paintings in which the only sense of illusion lay in drips of paint lying on top of one another. &lt;span class="marked_text chart-tooltip-target-top tooltip_id-de_kooning_willem"&gt;Willem de Kooning&lt;/span&gt; was also an Action Painter, working in an abstract fashion while utilizing recognizable imagery, as in his &lt;i&gt;Women&lt;/i&gt; series. In this he sought to create a metaphorical, iconic symbol of women, alluding to prehistoric cave women as well as modern-day advertisements. In reaction to the gestural nature of action paintings, artists &lt;span class="marked_text chart-tooltip-target-top tooltip_id-noland_kenneth"&gt;Kenneth Noland&lt;/span&gt; and &lt;span class="marked_text chart-tooltip-target-top tooltip_id-kelly_ellsworth"&gt;Ellsworth Kelly&lt;/span&gt; created paintings termed &lt;span class="marked_text chart-tooltip-target-top tooltip_id-hard_edge_abstraction"&gt;Hard Edge Abstraction&lt;/span&gt;, so named because they emphasized clear forms based on simple shapes and monochromatic, smooth paint application with bright colors squeezed straight from the tube. This technique consciously removed the personal elements from Abstract Expressionism.</p>
          <p type="p">In contrast to these paintings, which are characterized by an active, painterly surface, Color Field painters created large-scale works dominated by a few hues carefully applied in solid swathes. These fields of colors attempted to envelop the viewer, engendering a sense of the smallness of self in face of the unknowable. &lt;span class="marked_text chart-tooltip-target-top tooltip_id-newman_barnett"&gt;Barnett Newman's&lt;/span&gt; mature works consisted of a monochrome hue punctuated by vertical striations he termed "zips", which were intended to result in the sense of an encounter with an elemental presence on the part of the viewer. &lt;span class="marked_text chart-tooltip-target-top tooltip_id-rothko_mark"&gt;Mark Rothko&lt;/span&gt; arrived at his stacked rectangles in 1949. In various color combinations, the works are characterized by their vertical orientation with two or three horizontal rectangles hovering on the canvas, with the content lying in the color and simple shapes. Scaled to human size and hung low, like Newman's "zips", standing before these paintings can result in feeling a sense of contact with an otherworldly presence. Growing out of Color Field Painting, &lt;span class="marked_text chart-tooltip-target-top tooltip_id-post_painterly_abstraction"&gt;Post-Painterly Abstraction&lt;/span&gt; was a group of related movements. As part of these, &lt;span class="marked_text chart-tooltip-target-top tooltip_id-frankenthaler_helen"&gt;Helen Frankenthaler&lt;/span&gt; notably created a soak stain technique, which she used to create abstractions based on nature. Other artists such as &lt;span class="marked_text chart-tooltip-target-top tooltip_id-louis_morris"&gt;Morris Louis&lt;/span&gt; and &lt;span class="marked_text chart-tooltip-target-top tooltip_id-olitski_jules"&gt;Jules Olitski&lt;/span&gt; used this in their own more decorative abstract paintings.</p>
        </subsection>
        <subsection title="Art Informel">
          <p type="p">&lt;span class="marked_text chart-tooltip-target-top tooltip_id-art_informel"&gt;Art Informel&lt;/span&gt; is often viewed as the European equivalent to Abstract Expressionism and arose in a similar time period. It was an umbrella term for a variety of movements that emphasized intuition over rationality in the hopes of creating universally accessible art. Tachisme, one iteration of Art Informel, started in France. Named for the French word &lt;i&gt;tache&lt;/i&gt;, meaning "stain" or "spot", the movement was characterized by a gestural, intuitive application of paint, featuring large brushstrokes, drips, and splashes of color.</p>
          <p type="p">This style of abstraction featured in the experimental output of both the &lt;span class="marked_text chart-tooltip-target-top tooltip_id-cobra_group"&gt;CoBrA group&lt;/span&gt; in central Europe and the &lt;span class="marked_text chart-tooltip-target-top tooltip_id-gutai"&gt;Gutai group&lt;/span&gt; in Japan. CoBrA artists drew inspiration from ancient Nordic myths, children's drawings, and art created by the mentally ill. In a bright palette with a free hand, many of their works featured abstracted, fantastic animals, which they believed to be symbolic of the bestial nature of humanity revealed by the Second World War. Gutai artists, on the other hand, sought to capture the "spirit of life" stating in their 1956 manifesto that "We have decided to pursue enthusiastically the possibilities of pure creativity. We believe that by merging human qualities and material properties, we can concretely comprehend abstract space."</p>
        </subsection>
        <subsection title="Op Art and Minimalism">
          <p type="p">The &lt;span class="marked_text chart-tooltip-target-top tooltip_id-op_art"&gt;Op Art&lt;/span&gt; movement of the 1960s focused on the creation of works that appeared to move as a result of color relationships and patterns. Thus, while epitomizing an allover canvas like Jackson Pollock, it was with a complete lack of interest in a metaphorical expression of self. &lt;span class="marked_text chart-tooltip-target-top tooltip_id-minimalism"&gt;Minimalism&lt;/span&gt; is often viewed as a form of extreme abstraction in that there was no intention of meaning apart from the self-referentiality of the object through an emphasis on form and material. The subject matter of Minimalist paintings consisted of grids, geometric shapes or lines, or even an investigation of a painting composed of black or white paint. Minimal sculptors often preferred the term "objects" for their work, and utilized industrial materials such as steel, fiberglass, and plexiglass.</p>
        </subsection>
      </section>
      <section title="Concepts and Styles">
        <subsection title="Abstracted Art vs Nonobjective Art">
          <p type="p">At its most basic, abstract art can be viewed as split into two groups: abstracted art, which is based, in some form, on reality and, and nonobjective abstraction, which does not contain an identifiable subject or scene. Impressionism and Post-Impressionism are examples of movements belonging to the first category. Impressionist art is abstract in that certain aspects of a scene are emphasized in lieu of others, and Post-Impressionism, while employing changes in perspective and color, always represented something identifiable. Both consist of the representation of three-dimensional space, even if truncated and distorted. In contrast, works of nonobjective art have no basis in reality. &lt;span class="marked_text chart-tooltip-target-top tooltip_id-de_stijl"&gt;De Stijl&lt;/span&gt; and &lt;span class="marked_text chart-tooltip-target-top tooltip_id-abstract_expressionism"&gt;Abstract Expressionism&lt;/span&gt; are examples of nonobjective abstraction in that &lt;span class="marked_text chart-tooltip-target-top tooltip_id-mondrian_piet"&gt;Piet Mondrian's&lt;/span&gt; emphasis on arrangements of geometry and &lt;span class="marked_text chart-tooltip-target-top tooltip_id-rothko_mark"&gt;Mark Rothko's&lt;/span&gt; stacked rectangles are not a representation of real space. Thus, while all nonobjective art is abstract, not all abstract art is nonobjective.</p>
        </subsection>
        <subsection title="Abstraction and Music">
          <p type="img" alt="&lt;i&gt;Abstraction&lt;/i&gt; (1937) by Stuart Davis demonstrates a harmony and sense of rhythm inspired by music" show="1">/images20/photo/photo_abstract_art_6.jpg</p>
          <p type="p">At the very outset of modernism, many artists interested in abandoning figurative painting in favor of more expressive, abstract works saw music as a logical inspiration. This notion was particularly compelling as a result of the modernist idea that all art forms were related. &lt;span class="marked_text chart-tooltip-target-top tooltip_id-kandinsky_wassily"&gt;Kandinsky&lt;/span&gt; perhaps made this connection most explicit in that he analogized music and abstraction, stating "music has been for some centuries the art which has devoted itself not the reproduction of natural phenomena, but rather to the expression of the artist's soul, in musical sound." The artist thus titled his abstract works variously &lt;i&gt;Impressions&lt;/i&gt;, &lt;i&gt;Improvisations&lt;/i&gt;, and &lt;i&gt;Compositions&lt;/i&gt;, and through arranging colors and simple geometric shapes rhythmically, sought to express the way music made him feel, resulting in the creation of some of the first entirely abstract paintings.</p>
          <p type="p">Post-Impressionist &lt;span class="marked_text chart-tooltip-target-top tooltip_id-van_gogh_vincent"&gt;van Gogh&lt;/span&gt; was profoundly affected by psalms, hymns, and the compositions of Richard Wagner, using color and patterning in order to portray the intense emotions he felt Wagner expressed musically. &lt;span class="marked_text chart-tooltip-target-top tooltip_id-mondrian_piet"&gt;Piet Mondrian&lt;/span&gt; too was interested in imbuing his rigorous, geometric abstractions with music. Upon moving to New York and being exposed to boogie-woogie music for the first time, he created his &lt;i&gt;Boogie-Woogie&lt;/i&gt; series, directly likening the music to his individual brand of abstraction, describing it as a "destruction of melody which is the destruction of natural appearance; and construction through the continuous opposition of pure means - dynamic rhythm."</p>
          <p type="p">Straddling the line between American realism and European avant-garde abstraction, &lt;span class="marked_text chart-tooltip-target-top tooltip_id-davis_stuart"&gt;Stuart Davis&lt;/span&gt; took the language of &lt;span class="marked_text chart-tooltip-target-top tooltip_id-synthetic_cubism"&gt;Synthetic Cubism&lt;/span&gt; into his abstractions inspired by jazz and swing music, which he viewed as the musical counterpoint to abstraction. Similarly, while &lt;span class="marked_text chart-tooltip-target-top tooltip_id-okeeffe_georgia"&gt;Georgia O'Keeffe&lt;/span&gt; worked in both figuration and abstraction, she credited music as inspiring many of her abstract works, musing that "music could be translated into something for the eye" and thus able to express things out of the bounds of representation.</p>
          <p type="p">Founders of &lt;span class="marked_text chart-tooltip-target-top tooltip_id-synchronism"&gt;Synchronism&lt;/span&gt;, a movement credited with the first American nonobjective theory of painting, &lt;span class="marked_text chart-tooltip-target-top tooltip_id-macdonald_wright_stanton"&gt;Stanton Macdonald-Wright&lt;/span&gt; and &lt;span class="marked_text chart-tooltip-target-top tooltip_id-russell_morgan"&gt;Morgan Russell&lt;/span&gt;, sought to arrange and use color in the same way that notes and instruments were used to arrange melodies.</p>
          <p type="p">More recently, African-American artists Sam Gilliam and Stanley Whitney echo jazz in their abstract paintings, thus making works with social agency in an abstract fashion outside of the Black Arts Movement. As a &lt;span class="marked_text chart-tooltip-target-top tooltip_id-abstract_expressionism_second_generation"&gt;second-generation Abstract Expressionist&lt;/span&gt;, Gilliam's iterations tended to be more improvisational while Whitney credited the colors in his grid-inspired paintings as equivalent to the call and response in music.</p>
        </subsection>
        <subsection title="Abstraction and Spirituality">
          <p type="p">The exploration of alternative spiritualities were, and continue to be, a rich arena for various developments of abstraction. As a result of her interest in, and practice of, spiritualism, &lt;span class="marked_text chart-tooltip-target-top tooltip_id-af_klint_hilma"&gt;Hilma af Klint&lt;/span&gt; credited a spiritual being with guiding her own hand when creating hundreds of abstract paintings intended to adorn a temple. &lt;span class="marked_text chart-tooltip-target-top tooltip_id-kandinsky_wassily"&gt;Wassily Kandinsky's&lt;/span&gt; principal aim as an artist was to express the spiritual, which to him was closely related to his experience of listening to music. &lt;span class="marked_text chart-tooltip-target-top tooltip_id-mondrian_piet"&gt;Piet Mondrian's&lt;/span&gt; goal with his own rigorous abstraction was to transcend narrative particulars in order to create a universal expression, closely tied in with what he termed his own inner reality. &lt;span class="marked_text chart-tooltip-target-top tooltip_id-malevich_kasimir"&gt;Kazimir Malevich's&lt;/span&gt; &lt;span class="marked_text chart-tooltip-target-top tooltip_id-suprematism"&gt;Suprematism&lt;/span&gt;, an extremely simplified style which had no ties to the outside world, was called this as he linked supremacy of pure feeling to form. He felt his Suprematist works enabled viewers to perceive the ineffability and infinite of the Absolute.</p>
          <p type="p">Members of the New York School became fascinated by Indigenous art forms in that they believed them to be precursors to modern art and rife with American-specific subject matter, ultimately drawing on them in their abstract works. This interest in Indigenous art was closely linked with the spiritual values they viewed as inherent in the objects. Artist &lt;span class="marked_text chart-tooltip-target-top tooltip_id-gottlieb_adolph"&gt;Adolph Gottlieb&lt;/span&gt; noted that "While modern art got its first impetus through discovering the forms of primitive art, we feel that its true significance lies not merely in formal arrangement, but in the spiritual meaning underlying all archaic works".</p>
        </subsection>
        <subsection title="Abstract Sculpture">
          <p type="img" alt="Alexander Calder's &lt;i&gt;The Four Elements&lt;/i&gt; (1961) epitomize his large-scale “stabiles”" show="1">/images20/photo/photo_abstract_art_7.jpg</p>
          <p type="p">As is the case with abstract painting, abstract sculpture can either be based on something in reality or totally nonobjective. &lt;span class="marked_text chart-tooltip-target-top tooltip_id-brancusi_constantin"&gt;Constantin Brâncuși&lt;/span&gt; is an early exponent of the former, as illustrated by his sculptures of birds in flight, evoked through elegant elliptical lines. Through a process of gradual simplification, his sculptures were able to capture the essence of his subject. Brancusi stated that "What my art is aiming at, above all realism, utmost hidden reality, the very essence of objects in their own intrinsic fundamental nature. This is my only preoccupation". Like Brancusi, sculptor &lt;span class="marked_text chart-tooltip-target-top tooltip_id-giacometti_alberto"&gt;Alberto Giacometti&lt;/span&gt; also created abstract sculptures based in reality, but in a different manner. Interested in Surrealism, Giacometti started out creating abstracted images of heads and skulls in order to bring to mind the ephemerality of life. Greatly affected by the ravages of World War II, Giacometti then focused on the human shape, creating emaciated, elongated figures with rough surfaces in order to express the trauma of the times. While recognizable as human figures, they are not meant to evoke a likeness.</p>
          <p type="p">&lt;span class="marked_text chart-tooltip-target-top tooltip_id-calder_alexander"&gt;Alexander Calder's&lt;/span&gt; creation of "mobiles" took abstract sculpture into new, nonobjective realms. Composed of contrasting, brightly-colored forms connected by wires, these mobiles introduced movement into abstract sculpture. Calder also created large-scale sculptures the artist &lt;span class="marked_text chart-tooltip-target-top tooltip_id-arp_hans"&gt;Jean Arp&lt;/span&gt; termed "stabiles", which resembled his mobiles, but without the moving elements. Calder's playful abstract sculptures are not based in reality, but can be seen as an investigation of both motion and color.</p>
          <p type="p">&lt;span class="marked_text chart-tooltip-target-top tooltip_id-minimalism"&gt;Minimalist&lt;/span&gt; sculpture is also an important part of abstract sculpture that is similarly nonobjective. &lt;span class="marked_text chart-tooltip-target-top tooltip_id-judd_donald"&gt;Donald Judd&lt;/span&gt; created structures from industrial materials. Crucial to his autonomous works was the notion art need not concern itself with representation at all. Contemporary sculptor &lt;span class="marked_text chart-tooltip-target-top tooltip_id-serra_richard"&gt;Richard Serra&lt;/span&gt; created large-scale, site-specific abstractions, often viewed of in terms of the industrial sublime as a result of their overwhelming presence. With his works, the experience of the viewer is critical; on this aspect, Serra has stated: "What I make is the opposite of an object. I make an object with a subject - the person who enters it and who will feel an experience there. Without that person, there is no artwork".</p>
        </subsection>
        <subsection title="Abstract Photography">
          <p type="img" alt="One of Alfred Stieglitz's abstract photographs entitled &lt;i&gt;Equivalent&lt;/i&gt; (1926)" show="1">/images20/photo/photo_abstract_art_8.jpg</p>
          <p type="p">Inspired by abstract paintings, gallerist and photographer &lt;span class="marked_text chart-tooltip-target-top tooltip_id-stieglitz_alfred"&gt;Alfred Stieglitz&lt;/span&gt; began to experiment with creating &lt;span class="marked_text chart-tooltip-target-top tooltip_id-abstract_photography"&gt;abstract photography&lt;/span&gt;. After taking photographs of his daily environment, he began to tilt his camera toward the sky to capture clouds in a series he named &lt;i&gt;Equivalents&lt;/i&gt;, believing the images to be analogous to his emotional state. Without any referential content or horizon line to anchor the image in space, these were some of the first abstract photographs ever created. Notably, Stieglitz was also a proponent of the photographer &lt;span class="marked_text chart-tooltip-target-top tooltip_id-strand_paul"&gt;Paul Strand&lt;/span&gt;, who likewise turned to abstraction. Uninterested in mimicking the effects of painting in photography, Strand created abstract photographs through close-up images emphasizing pattern and light. By focusing on objects at extremely close range, he successfully made commonplace items unrecognizable. Like Stieglitz and other photographers such as &lt;span class="marked_text chart-tooltip-target-top tooltip_id-moholy_nagy_laszlo"&gt;Moholy-Nagy&lt;/span&gt;, Strand recognized the importance of abstraction in his photography, writing that he used "abstract forms to create an emotion unrelated to objectivity".</p>
          <p type="p">Artists &lt;span class="marked_text chart-tooltip-target-top tooltip_id-ray_man"&gt;Man Ray&lt;/span&gt; and &lt;span class="marked_text chart-tooltip-target-top tooltip_id-tillmans_wolfgang"&gt;Wolfgang Tillmans&lt;/span&gt; created abstract photographs through experiments with photographic materials. Man Ray created what he termed "rayographs" in which he placed objects on a sheet of photosensitive paper which he would expose to light in order to create abstract images. As a result of his involvement in Surrealism, he would often utilize irrational combinations of items. Contemporary artist Wolfgang Tillmans also developed a way to create abstract photographs without a camera. Using a controlled light source with photosensitive paper, Tillmans was able to create images featuring planes of light and color. On the imagery created, Tillmans has stated "They are photographs made without a camera, purely with light...they evoke associations, like skin, or astronomy, or chemicals dissolving".</p>
        </subsection>
      </section>
      <section title="Later Developments">
        <subsection title="">
          <p type="img" alt="Yayoi Kusama's conceptual exploration of polka dots is fused into an experiential environment in &lt;i&gt;The Spirits of the Pumpkins Descended into the Heavens&lt;/i&gt;, here installed at the National Gallery of Australia (2015)" show="1">/images20/photo/photo_abstract_art_9.jpg</p>
          <p type="p">In reaction to the extreme abstraction of Abstract Expressionism, many artists returned to figuration in different forms, either in defiance of the movement or because they felt that it had brought abstraction to its limits. The advent of &lt;span class="marked_text chart-tooltip-target-top tooltip_id-conceptual_art"&gt;Conceptual art&lt;/span&gt; in the 1960s, however, provided some artists with new ways to explore abstraction. &lt;span class="marked_text chart-tooltip-target-top tooltip_id-lewitt_sol"&gt;Sol LeWitt&lt;/span&gt; can be viewed as straddling the movements; his &lt;i&gt;Wall Drawings&lt;/i&gt;, while abstract and consisting of various shapes composed in different colors are intended to be created entirely by assistants, eliminating the privileged notion of the artist's hand. &lt;span class="marked_text chart-tooltip-target-top tooltip_id-kusama_yayoi"&gt;Yayoi Kusama&lt;/span&gt; is another artist merging Conceptual art with abstraction; the motif of fields of polka dots, whether in paintings or experiential environments, is a recurring element of her work, while &lt;span class="marked_text chart-tooltip-target-top tooltip_id-buren_daniel"&gt;Daniel Buren's&lt;/span&gt; stripe paintings notably used the common abstract pattern as a starting point into his investigation into the nature of painting. In the 1980s, artists referred to as &lt;span class="marked_text chart-tooltip-target-top tooltip_id-neo_geo"&gt;Neo-Geo&lt;/span&gt; used geometric abstraction in reaction to the overwhelming emphasis on technology and commercialization in contemporary life. &lt;span class="marked_text chart-tooltip-target-top tooltip_id-halley_peter"&gt;Peter Halley&lt;/span&gt;'s bright palette, symbolic cells, and use of common materials are an incisive commentary on what he refers to as our abstracted society.</p>
          <p type="p">Contemporary artists continue to engage in abstraction in a myriad of new and exciting ways. Some, like &lt;span class="marked_text chart-tooltip-target-top tooltip_id-richter_gerhard"&gt;Gerhard Richter&lt;/span&gt;, see no need to confine themselves to one discipline and work in both abstraction and figuration. Many also build on the legacy of abstraction as explored in subsequent movements. Conceptual art's interest in socially and politically invested art is expressed by artists engaged in post-Black art and &lt;span class="marked_text chart-tooltip-target-top tooltip_id-feminist_art"&gt;Feminist art&lt;/span&gt;. Mark Bradford's large abstractions created from found paper act as a commentary on some communities' access to fine art while simultaneously alluding to security screens. Rashid Johnson uses autobiographical materials in his sculptures, installations, and paintings in order to speak to the Black experience in a personal fashion. Building on the legacy of artists such as &lt;span class="marked_text chart-tooltip-target-top tooltip_id-chicago_judy"&gt;Judy Chicago&lt;/span&gt; and &lt;span class="marked_text chart-tooltip-target-top tooltip_id-schapiro_meyer"&gt;Meyer Schapiro&lt;/span&gt;, artists continue to subvert embroidery and textiles in an abstract fashion as a comment on the female experience. Tammy Kanat creates large-scale organic textiles, often inspired by nature, in an intuitive fashion, while artist Vanessa Barragão creates politically inflected fabric inspired by the ocean in order to allude to the environmental crisis.</p>
        </subsection>
      </section>
    </sections>
  </article>
  <similar_artworks/>
  <chart>
    <top/>
    <bottom/>
  </chart>
  <artworks>
    <artwork>
      <title>Woman with a Hat (Femme au chapeau)</title>
      <artist>Henri Matisse</artist>
      <year>1905</year>
      <materials>Oil on canvas</materials>
      <desc>
				Henri Matisse exhibited this painting at the 1905 &lt;i&gt;Salon d'Automne&lt;/i&gt; in Paris. Up to this point, Matisse had primarily painted realistic, academically accepted works, but, like, many of his contemporaries, he became frustrated by what he viewed as the inherent limitations of the traditional style. In this work, Matisse depicts his wife rendered expressively in bright, rather than realistic, hues. 
				&lt;br/&gt;&lt;br/&gt;
				Representative of the growing desire amongst artists to express more of their own inner world, this work was an extremely powerful statement at its time. Matisse had been influenced by the structural depictions of Paul Cézanne, the flatness and boldness of Paul Gauguin, and even the Pointillist precision of Georges Seurat, but Matisse's interest in expressing emotions and defining space through color stood apart. Becoming known as &lt;span class="marked_text chart-tooltip-target-top tooltip_id-fauvism"&gt;Fauvism&lt;/span&gt;, the vivid, expressive use of color and lack of adherence to realistic depictions of space seen here remained constants in much of his work, and inspired others who were also grappling with the desire to move past realistic art in order to express something more personal. 
			</desc>
      <collection>The San Francisco Museum of Modern Art</collection>
    <use_big_image>true</use_big_image></artwork>
    <artwork>
      <title>Group IV, The Ten Largest, No. 7, Adulthood</title>
      <artist>Hilma af Klint</artist>
      <year>1907</year>
      <materials/>
      <desc>
				It has been suggested that Piet Mondrian, Wassily Kandinsky, or Kazimir Malevich invented nonobjective art, however, some of the earliest known examples come from the revolutionary artist Hilma af Klint. While she initially created traditionally figurative works, Klint's radical paintings came out of her interest in spiritualism. A movement much in vogue among artistic and literary circles at the time, spiritualism held that it was possible to communicate with spirits of the dead. Along with a group of four other women latter dubbed "The Five", Klint held seances and meditated, ultimately coming to believe a spirit named Amaliel assigned her to create paintings to decorate a temple. Claiming Amaliel guided her hand, the artist worked feverishly, creating 193 paintings for the project by 1915. As a result of her own recognition of the radical nature of the works, Klint shrouded them in secrecy, stipulating they not be revealed until 20 years after her death. Despite this provision, it was not until 1986 that her work came to attention, and is only now receiving the consideration it deserves: New York's Guggenheim's 2019 Klint exhibition was the most visited show in the museum's history.
				&lt;br/&gt;&lt;br/&gt;
				This painting belongs to a group of works depicting the stages of human life from conception to death. As is evident in this example, Klint's abstract paintings featured biomorphic shapes reminiscent of biological processes, calligraphy, and clouds in a range of colors. During the creation of these works, Klint wrote over 26,000 pages of notes explaining the themes of her paintings and a lexicon of symbols, accompanied by glossaries and translations of her language. According to Klint, spirals were intended to represent evolution while overlapping discs were symbolic of unity. The discovery of her complex abstractions has completely disrupted the notion that nonobjective work did not come about until the 1920s. 
			</desc>
      <collection>The Hilma af Klint Foundation, Stockholm</collection>
    <use_big_image>true</use_big_image></artwork>
    <artwork>
      <title>Still Life with Compote and Glass (Nature morte au compotier)</title>
      <artist>Pablo Picasso</artist>
      <year>1914-15</year>
      <materials>Oil on canvas</materials>
      <desc>
				Inspired by Cézanne's interest in geometric forms and multiple perspectives, Pablo Picasso and Georges Braque pioneered the Cubism movement, which aimed to present a scene rendered from multiple perspectives. This manifested itself through the conversion of objects to flattened, often geometric, shapes. In this work, the guitar is primarily represented in the center in the white shape. The glass of wine and bottle are formed from cut out bits of paper and pieces of newsprint are also included. Cafés, very popular at the time, were a recurring subject in Cubist works. Creating works with contemporary life as the subject matter was still fairly new, whilst the extreme simplification of the scene and its disengagement with realistic portrayals of space makes the artwork experimental, with Picasso himself noting that "I paint objects as I think them not as I see them".
				&lt;br/&gt;&lt;br/&gt;
				While Picasso never became a fully abstract artist, Cubism represented a significant move towards complete abstraction. Cubism's use of geometric shapes was enormously influential on later artists who created artworks through the use of simple squares, rectangles, circles and lines. This famously includes the work of Mondrian, Malevich, and Rothko. Mondrian actively acknowledged his debt to the Cubists, but suggested that they did not realize the power of their own work, stating that "Cubism did not accept the logical consequences of its own discoveries; it was not developing abstraction towards its own goal, the expression of pure reality".
			</desc>
      <collection>Columbus Museum of Art, Ohio</collection>
    <use_big_image>true</use_big_image></artwork>
    <artwork>
      <title>Series 1, No. 8</title>
      <artist>Georgia O'Keeffe</artist>
      <year>1919</year>
      <materials>Oil on canvas</materials>
      <desc>
				Influenced by early experiments with close up photography, O'Keeffe began to create closely cropped, large-scale images of flowers, feeling their forms and contours lent themselves well to abstraction. O'Keeffe believed that color had the power to evoke emotions and moods in viewers, and she often used bright, bold colors to create a sense of energy and vitality in her work. She also experimented with the use of negative space, sometimes leaving large areas of the canvas blank to create a sense of depth and balance. She later stated that, "I found I could say things with color and shapes that I couldn't say any other way - things I had no words for."
				&lt;br/&gt;&lt;br/&gt;
				However, upon the exhibition of these large, floral images, critics overwhelmingly interpreted them sexually, readings which O'Keeffe vehemently denied. As a result of this experience, shortly thereafter O'Keeffe turned from abstraction in favor of more realistic depictions. Upon purchasing a home in New Mexico later in life, she returned to creating abstractions based on the open landscape and natural objects, such as animal bones and rocks, in addition to flowers.
				&lt;br/&gt;&lt;br/&gt;
				O'Keeffe's early radical abstractions were some of the first to experiment with transforming natural forms into abstract compositions. While she always resisted the gendered stereotypes of her work, her revolutionary paintings came to be most influential on later women artists and feminists. 
			</desc>
      <collection>Städtische Galerie im Lenbachhaus, Munich</collection>
    <use_big_image>true</use_big_image></artwork>
	<artwork>
      <title>Composition with Large Red Plane, Yellow, Black, Gray, and Blue</title>
      <artist>Piet Mondrian</artist>
      <year>1921</year>
      <materials>Oil on canvas</materials>
      <desc>
				In contrast to more fluid or emotional works, Piet Mondrian's abstraction appears almost severe. Mondrian began his career as a landscape painter, but upon moving to Paris in 1912, his exposure to Cubism led him in the  of abstraction. Frustrated by what he came to see as Cubism's ties to representation, he began to create completely abstract work. &lt;i&gt;Composition in Red, Blue, and Yellow&lt;/i&gt; is a classic example of Mondrian's goal to move beyond reality. Mondrian reduced forms to their purest essence, eliminating any representation of the natural world. This approach emphasized the fundamental principles of abstraction, focusing on the relationship between colors, lines, and shapes through the use of a pared-down palette and vertical and horizontal lines and rectangles. While his works may seem simple, the artist worked laboriously to create a sense of balance and its total nonobjectivity was very radical at the time. 
				&lt;br/&gt;&lt;br/&gt;
				Mondrian believed that abstract art had the potential to express universal truths and spiritual harmony. By reducing his art to pure geometric forms and primary colors, he sought to create a visual language accessible to all. In the words of art historian James Johnson Sweeney, "he wanted a cleaner universal basis of expression than naturalistic representation could give him - a purer base for the universal expression of the classicist than any painter before him had achieved." Mondrian's emphasis on grid compositions as well as his interest in flat color were highly influential on later artists, both abstract and conceptual. 
			</desc>
      <collection>Gemeentemuseum, The Hague</collection>
    <use_big_image>true</use_big_image></artwork>
    <artwork>
      <title>The Hunter (Catalan Landscape)</title>
      <artist>Joan Miró</artist>
      <year>1923-24</year>
      <materials/>
      <desc>
				Joan Miró believed in liberating the unconscious, working from dreams and practicing automatism in order to attempt to paint without the intervention of rational thought, even referring to his works at this time as "dream paintings" or "painting-poems". In this painting, Miró draws on his memories of Catalonia, where he was raised, using organic shapes and a warm color palette to invoke the landscapes of the region. The stick-figure form of the hunter can be found in the left middle area of the composition with a triangular head and a pipe in one hand. 
				&lt;br/&gt;&lt;br/&gt;
				The scene is packed with Miró's personal lexicon of symbols and objects, a visual language that he created. He used these symbols and signs to create abstract compositions that explored the inner workings of his mind. Like much of Miró's work, this piece has a sense of playfulness and spontaneity. The vibrant colors, whimsical forms, and imaginative symbols contribute to a sense of joy and freedom. At the same time, there is a touch of enigmatic mystery in the painting, inviting viewers to explore their own interpretations and emotions.
				&lt;br/&gt;&lt;br/&gt;
				The lack of a depiction of realistic space and recognizable figures set Miró apart from other Surrealists, and the creation of his unique language makes his style instantly recognizable. Miró had a retrospective at the Museum of Modern Art in New York in 1941 that had an enormous impact on the burgeoning New York School, and when he traveled to the United States in 1947, Abstract Expressionism in turn influenced his own work. 
			</desc>
      <collection>The Museum of Modern Art, New York City</collection>
    </artwork>
    <artwork>
      <title>Overturned Blue Shoe with Two Heels Under a Black Vault (Soulier bleu renversé à deux talons, sous une voûte noire)</title>
      <artist>Hans Arp</artist>
      <year>c.1925</year>
      <materials/>
      <desc>
				This wooden relief is the most evocative of Jean Arp's unique and whimsical abstractions. The artist fled to Zurich to escape conscription in World War I, and became a founding member of the Dada movement. Dadaists were anti-war and often anti-art. Their investigation into the nature of art resulted in the use of alternative materials, incorporation of real objects, and the employment of the nature of chance in creating works of art, the latter of which is a shared tenet with Surrealism. As a result of its potential to be non-rational, abstraction was appealing to some practitioners. All of these elements come together in this abstract representation of a two-heeled blue shoe. Two separate wooden forms are mounted on a support in what constituted a new kind of collage. The organic shapes are painted in flat colors, as if squeezed from the tube. 
				&lt;br/&gt;&lt;br/&gt;
				Though the artist had been associated with Cubism and Constructivism, he and other Dadaists were more interested in exploring natural forms, which they saw as an alternative language to the geometry and rationality inherent in these styles. Arp's particular interest grew out of a trip to a Swiss lake resort. Inspired by the natural forms in the area, he began to render them quickly with an ink-loaded brush to prevent too much precision. Arp and Dada were influential on the inter-war development of abstraction in a variety of ways, particularly through the use of non-traditional media, an emphasis on a lack of rationality in art, and the importance of chance.
			</desc>
      <collection>The Solomon R. Guggenheim Foundation</collection>
    </artwork>
    <artwork>
      <title>Swinging</title>
      <artist>Wassily Kandinsky</artist>
      <year>1925</year>
      <materials/>
      <desc>
				&lt;i&gt;Swinging&lt;/i&gt; is a complex example of Wassily Kandinsky's goal to liberate art from reality through an expression of the spiritual, which to him was greatly intertwined with music. Color was vital to Kandinsky's abstractions in that he assigned certain colors emotions and musical notes. The importance of color to his artistic practice is underscored in that, when he taught at the Bauhaus from 1922-1933, he insisted on focusing on color theory as part of his lessons. Initially fluid, his forms shifted to become more geometric and pictographic, which is evident in &lt;i&gt;Swinging&lt;/i&gt;. Kandinsky believed in the supremacy of simple forms, as in this work that features an array of circles and triangles. The balanced composition and rainbow of colors result in a sense of rhythm that draws the eye across the canvas.
				&lt;br/&gt;&lt;br/&gt;
				By transcending ties to reality and painting what he felt when listening to music, Kandinsky believed he could create works that would resonate universally. He stated: "Our hearing of colors is so precise...Color is a means of exerting a direct influence upon the soul. Color is the keyboard. The eye is the hammer. The soul is the piano with its many strings. The artist is the hand that purposely sets the soul vibrating by means of this or that key. Thus it is clear that the harmony of colors can only be based upon the principle of purposefully touching the human soul." 
			</desc>
      <collection>The Tate, London</collection>
    <use_big_image>true</use_big_image>
	</artwork>
    <artwork>
      <title>Autumn Rhythm: Number 30</title>
      <artist>Jackson Pollock</artist>
      <year>1950</year>
      <materials>Oil on canvas</materials>
      <desc>
				Pollock began to create completely abstract works in the early 1940s. Laying a canvas on the floor, he would pour and flick paint onto it, creating a dense web of crisscrossing lines, spots, and patches of color. In painting in this way, Pollock produced works that featured an all-over composition, where there was no central focal point - this challenged traditional notions of composition.
				&lt;br/&gt;&lt;br/&gt;
				Pollock's pioneering technique generated active pieces which, as a result of the inclusion of footprints, hand prints (see the upper right-hand portion of this composition), and the sensation of the artist's movements, are also deeply personal. His approach highlighted the spontaneous, expressive, and dynamic nature of the artistic process itself and underscored both the artist's role as a performer and the direct connection between his physical movements and the marks on the canvas. This emphasis on process and the immediacy of the artist's gesture became a central characteristic of Pollock's work and influenced subsequent abstract expressionist artists.
				&lt;br/&gt;&lt;br/&gt;
				Like many of his contemporaries in the New York School, Pollock worked within the Surrealist movement before reaching his breakthrough. His desire to make his paintings more personal was connected to Jungian psychoanalysis, which he underwent himself, as well as Surrealism's emphasis on a lack of control. In this way, Pollock's paintings are often interpreted as an expression of self. Pollock stated: "The modern artist...is working and expressing an inner world - in other words - expressing the energy, the motion, and other inner forces". Consequently, his paintings are an expression of his own emotions and a reflection of modern life.
			</desc>
      <collection>The Metropolitan Museum of Art, New York</collection>
    <use_big_image>true</use_big_image></artwork>
    <artwork>
      <title>No. 14, 1960</title>
      <artist>Mark Rothko</artist>
      <year>1960</year>
      <materials/>
      <desc>
				Alongside his contemporaries in the postwar period who were searching for meaning in life and art, Rothko experimented with different ways to express deep emotion and to make these accessible to the viewer. His early paintings, while abstract, featured recognizable forms inspired by myth, prehistory, and biology. Later, he began to replace figures and narrative with color and shape, ultimately arriving at his mature style, which is seen in this painting.
				&lt;br/&gt;&lt;br/&gt;
				Here, the artist's thin layers of color seem to have a life of their own as a result of the feathered and layered brushwork, resulting in a sense of pulsating movement. His intention with works such as these was to call up associations with primal human emotion. As a result, he had specific instructions for his paintings to be mounted in order to have the horizontal line between the rectangles come close to the viewer's height as well as dim lighting, resulting in a feeling of being enveloped by the paintings. 
				&lt;br/&gt;&lt;br/&gt;
				Art historian James Breslin notes that his works, "seem to locate a viewer at a 'doorway' between the physical and transcendent worlds" and that they "provide a public stage on which the human and the transcendent can be rejoined". In keeping with this extreme form of abstraction, Rothko chose to title his works with numbers in order to eliminate any possibility of association. Through abstraction, Rothko's goal was to create transcendent and timeless works that speak to the overall human condition. Rothko's emphasis on color as a means of expression, his exploration of the sublime and spiritual, and his invitation for viewers to engage in an intimate encounter with his work all contributed to the evolution of abstract art.
			</desc>
      <collection>San Francisco Museum of Art, California</collection>
    </artwork>
    <artwork>
      <title>Sarah's Reach</title>
      <artist>Kenneth Noland</artist>
      <year>1964</year>
      <materials/>
      <desc>
				Though Kenneth Noland started out as an Abstract Expressionist, he later became part of a group of artists practicing Post-Painterly Abstraction. Noland's recognizable style came about after a trip he, and fellow painter Morris Louis, took to Helen Frankenthaler's studio in 1953. Both were inspired by her technique of applying washes of color to unprimed canvas, and each took it in a different direction. 
				&lt;br/&gt;&lt;br/&gt;
				From the late-1950s Noland created works featuring concentric circles, taking artist Jasper Johns' famous targets as inspiration. These works stood apart from others in the Abstract Expressionism movement through their highly-refined sharp-edged shapes. Noland continued to work with flat colors and symmetry, experimenting with different shapes such as chevrons, diamonds, horizontal bands, and plaid patterns, later venturing into the use of shaped canvases. &lt;i&gt;Sarah's Reach&lt;/i&gt; features plunging diagonal diamond-shapes with bright, flat, unmodulated color over a purely white background. While the image itself is static, there is a sense of movement and dynamism as a result of the color and strong diagonal lines converging to the left and lower portion of the canvas. 
				&lt;br/&gt;&lt;br/&gt;
				Noland's work and that of other artists working after Abstract Expressionism was most notable in its lack of interest in the mystical nature of the movement as well as their focus on exploring the formal nature of the medium even further. This interest resulted in an emphasis on the flatness of the canvas, simple shapes, and strong, unmodulated colors. On the importance of color to his work, Noland stated: "I wanted to have color be the origin of the painting. I was trying to neutralize the layout, the shape, the composition. I wanted to make color the generating force." While this work does not easily open itself up to interpretation, that is the point. Noland and his contemporaries ultimately brought the exploration of the process, production, and meaning of painting to its very limits.
			</desc>
      <collection>Smithsonian American Art Museum</collection>
    </artwork>
    <artwork>
      <title>Untitled</title>
      <artist>Christopher Wool</artist>
      <year>2007</year>
      <materials/>
      <desc>
				Christopher Wool's incisive artistic process questions the very nature of painting and replication. He first came to renown with his paintings featuring decorative black patterns on a white background created with rollers and stamps. Inspired by graffiti, in the late 1980s Wool created his signature "word paintings", which included stenciled words rendered in deliberately playful and provocative ways.
				&lt;br/&gt;&lt;br/&gt;
				This work belongs to his "gray paintings" series. Questioning the nature of reproduction, in the early 2000's, Wool began to incorporate silkscreen printing, and, sometimes beginning with one of his own paintings, would add spray paint and paint rollers onto the base image, purposefully featuring smudges and accidents in the style of Andy Warhol. This process resulted in various layers that suggest depth while simultaneously hiding parts of the surface. As a post-conceptual artist, Wool delights in the tension between addition and loss as well as between creation and destruction. This work exemplifies this interest, featuring lines that look back to Abstract Expressionism before being smudged over, challenging the notion of the genius of the artist's hand. 
				&lt;br/&gt;&lt;br/&gt;
				More recently, Wool has delved into photography and sculpture. While he has often worked from his photographs, lately he has published volumes of them in order to emphasize their importance to his paintings and as works of art in their own right. His 1993 &lt;i&gt;Absent Without Leave&lt;/i&gt; featured urban scenes from cities run through a photocopier, degrading the image. His most recent publication features images of sculptures created from found wire in his home in Marfa, Texas. What remains constant in Wool's work is an emphasis on the nature of abstraction and reproduction, making the viewer think about where his work in different media fits in the ever-changing realm of abstract art.
			</desc>
      <collection>The Museum of Modern Art</collection>
    </artwork>
  </artworks>
  <sidebar>
    <category name="art story website features"/>
    <category name="current exhibitions"/>
    <category name="featured books">
      <subcategory name="not_to_show" class="">
        <entry>
          <title>Modernism: The Lure of Heresy</title>
          <link>0393052052</link>
          <info>By Peter Gay</info>
        </entry>
        <entry>
          <title>Primitivism , Cubism, Abstraction: The Early Twentieth Century</title>
          <link>0300055161</link>
          <info>By Charles Harrison, Francis Frascina, Gill Perry</info>
        </entry>
        <entry>
          <title>Art of the 20&lt;sup&gt;th&lt;/sup&gt; Century</title>
          <link>3836541149</link>
          <info>By Ingo F. Walther</info>
        </entry>
        <entry>
          <title>Reading Abstract Expressionism: Context and Critique</title>
          <link>0300106130</link>
          <info>By Ellen G. Landau</info>
        </entry>
        <entry>
          <title>Joan Miro: Selected Writings and Interviews</title>
          <link>0306804859</link>
          <info>By Margit Rowell</info>
        </entry>
        <entry>
          <title>Mark Rothko: A Biography</title>
          <link>0226074064</link>
          <info>By James E. Breslin</info>
        </entry>
      </subcategory>
      <subcategory name="biography" class="biography"/>
      <subcategory name="written by artist" class="written-by"/>
      <subcategory name="paintings" class="artwork"/>
    </category>
    <category name="web resources">
      <subcategory name="websites" class="websites">
        <entry>
          <title>Tate - Useful resource on abstract art in general</title>
          <link>https://www.tate.org.uk/art/art-terms/a/abstract-art</link>
          <info/>
        </entry>
        <entry>
          <title>Phaidon - resource on Kandinsky and his influence on the development of abstraction</title>
          <link>https://www.phaidon.com/agenda/art/articles/2014/december/16/how-kandinsky-helped-create-abstract-art/</link>
          <info/>
        </entry>
        <entry>
          <title>Ideel Art - resource on Dadaist abstraction</title>
          <link>https://www.ideelart.com/magazine/dadaist-artists</link>
          <info/>
        </entry>
        <entry>
          <title>National Gallery of Art - biography on Jackson Pollock</title>
          <link>https://www.nga.gov/collection/artist-info.1793.html</link>
          <info/>
        </entry>
      </subcategory>
      <subcategory name="articles" class="articles">
        <entry>
          <title>Universal Pictures: The Art of Hilma af Klint</title>
          <link>https://www.artforum.com/print/201301/universal-pictures-the-art-of-hilma-af-klint-38217</link>
          <info>
						By Daniel Birnbaum
						&lt;br&gt;
						ArtForum 
						&lt;br&gt;
						January 2013 (print edition)
					</info>
        </entry>
        <entry>
          <title>Kandinsky Compositions: The Music of the Spheres</title>
          <link>http://www.jstor.org/stable/4381285</link>
          <info>
						By Magdalena Dabrowski
						&lt;br&gt;
						MoMA 
						&lt;br&gt;
						1995
					</info>
        </entry>
        <entry>
          <title>Picasso, Cubism, and Reflexivity</title>
          <link>https://doi.org/10.2307/776980</link>
          <info>
						By Edward F. Fry
						&lt;br&gt;
						Art Journal 47 
						&lt;br&gt;
						1988
					</info>
        </entry>
        <entry>
          <title>The Wild Beauty of Georgia O'Keeffe</title>
          <link>https://www.theguardian.com/artanddesign/2016/jul/01/georgia-okeeffe-tate-modern-exhibition-wild-beauty</link>
          <info>
						By Oliva Liang
						&lt;br&gt;
						The Guardian 
						&lt;br&gt;
						July 1, 2016
					</info>
        </entry>
        <entry>
          <title>Kenneth Noland: Painter</title>
          <link>https://www.thetimes.co.uk/article/kenneth-noland-painter-k9sk28dlvlk</link>
          <info>
						By Harry Benson
						&lt;br&gt;
						The Times (London) 
						&lt;br&gt;
						January 9, 2010
					</info>
        </entry>
        <entry>
          <title>Christopher Wool on What Brought a "Sunday Painter" Back to Life</title>
          <link>https://www.nytimes.com/2022/05/30/arts/design/christopher-wool-interview-photo-books.html</link>
          <info>
						By Randy Kennedy 
						&lt;br&gt;
						The New York Times 
						&lt;br&gt;
						May 30, 2022
					</info>
        </entry>
        <entry>
          <title>How Music Motivated Artists from Matisse to Kandinsky to Reinvent Painting</title>
          <link>https://www.artsy.net/article/artsy-editorial-music-motivated-artists-matisse-kandinsky-reinvent-painting</link>
          <info>
						By Jackson Arn
						&lt;br&gt;
						Artsy Editorial 
						&lt;br&gt;
						May 20, 2019
					</info>
        </entry>
        <entry>
          <title>How Constantin Brancusi Brazenly Redefined Sculpture</title>
          <link>https://www.artsy.net/article/artsy-editorial-constantin-brancusi-brazenly-redefined-sculpture</link>
          <info>
						By Kaitlin Macholz
						&lt;br&gt;
						Artsy Editorial 
						&lt;br&gt;
						July 20, 2018
					</info>
        </entry>
        <entry>
          <title>The Minimalist Who Wasn't</title>
          <link>https://www.theatlantic.com/magazine/archive/2020/10/leslie-jamison-donald-judd/615505/</link>
          <info>
						By Leslie Jamison
						&lt;br&gt;
						The Atlantic 
						&lt;br&gt;
						October 2020
					</info>
        </entry>
        <entry>
          <title>Wolfgang Tillmans: Photography Without the Camera</title>
          <link>https://www.collecteurs.com/essay/wolfgang-tillmans-photography-without-the-camera</link>
          <info>
						By Nadja Sayej
						&lt;br&gt;
						Collecteurs
					</info>
        </entry>
      </subcategory>
      <subcategory name="interviews" class="interviews"/>
      <subcategory name="audio clips" class="audioclips"/>
      <subcategory name="video clips" class="clips"/>
      <subcategory name="documentary films" class="clips"/>
      <subcategory name="in pop culture" class="in-pop"/>
    </category>
  </sidebar>
</data>
