﻿<?xml version="1.0" encoding="utf-8"?>
<data>
  <main>
    <id>abstract_expressionism</id>
    <name>Abstract Expressionism</name>
    <type>movement</type>
    <active_section>movements</active_section>
    <years>1943 - Late 1965</years>
    <keywords>art story, movement, art movement, foundation, art, education, analysis, artworks, resources, ideas, topics, beginnings, themes, concepts, styles, information, history, legacy, abstract, expressionism, abstract expressionism, expressionist, rothko, pollock, de kooning, action painting, existentialism, Greenberg, Rosenberg, jackson, willem, mark, marc, still, hofmann</keywords>
    <art_title>Abstract Expressionism Painting and Sculpture</art_title>
    <description>The Abstract Expressionists were committed to representing profound emotions and universal themes brought on by the post-war mood of anxiety and trauma.</description>
    <art_description>Famous artists, paintings and sculptures of Abstract Expressionism with analysis, achievements, and contribution to the arts. Pollock, de Kooning, Rothko+</art_description>
    <use_big_images>false</use_big_images>
    <profession />
    <start>1943</start>
    <end>Late 1965</end>
    <highlight>2</highlight>
    <image_desc>true</image_desc>
    <img_version>?1</img_version>
    <progression>false</progression>
    <big_bio_box_img>Jackson Pollock's &lt;i&gt;Convergence&lt;/i&gt; (1952) was pictured on the 2010 US Postage stamp</big_bio_box_img>
    <bio_highlight>In 1943 the noted art collector and gallerist &lt;span class="marked_text chart-tooltip-target-top tooltip_id-guggenheim_peggy"&gt;Peggy Guggenheim&lt;/span&gt; commissioned &lt;span class="marked_text chart-tooltip-target-top tooltip_id-pollock_jackson"&gt;Jackson Pollock&lt;/span&gt; to paint a mural for her apartment vestibule. Though &lt;i&gt;Mural&lt;/i&gt; (1943) was the first commission and large scale work for the then unknown artist, he procrastinated for months, supposedly completing it in all night session just before Guggenheim's deadline. The painting launched his career as the leading artist of the then emerging Abstract Expressionism, and the story of its inception became part of his legend and myth.</bio_highlight>
    <art_type>Paintings and Sculptures</art_type>
    <pub_time>11/22/2011</pub_time>
    <youtube_intro>Ii4NeXYbzbQ</youtube_intro>
    <custom_logo>true</custom_logo>
  </main>
  <authors>
    <author link="top">The Art Story Contributors</author>
  </authors>
  <similar_artists>
    <artist>pollock_jackson</artist>
    <artist>de_kooning_willem</artist>
    <artist>frankenthaler_helen</artist>
    <artist>rothko_mark</artist>
    <artist>mitchell_joan</artist>
    <artist>krasner_lee</artist>
  </similar_artists>
  <similar_movements>
	<movement>abstract_expressionism_second_generation</movement>
    <movement>color_field_painting</movement>
    <movement>action_painting</movement>
    <movement>art_informel</movement>
  </similar_movements>
  <do_not_miss>
	<entry>abstract_expressionism_second_generation</entry>
    <entry>washington_color_school</entry>
    <entry>color_field_painting</entry>
    <entry>action_painting</entry>
    <entry>art_informel</entry>
    <entry>abstract_art</entry>
    <entry>bay_area_figurative_movement</entry>
  </do_not_miss>
  <quotes>
    <q author="rothko_mark" main="true">"It is a widely accepted notion among painters that it does not matter what one paints as long as it is well painted. This is the essence of academic painting. However, there is no such thing as good painting about nothing."</q>
    <q author="Adolf Gottlieb, Barnett Newman, and Mark Rothko">"To us, art is an adventure into an unknown world of the imagination, which is fancy-free and violently opposed to common sense."</q>
    <q author="Barnett Newman">"Freeing ourselves of the obsolete props of an outmoded and antiquated legend .. freeing ourselves from the impediments of memory, association, nostalgia, legend, and myth that have been the devices of Western European painting."</q>
    <q author="Clement Greenberg">"Where the Old Masters created an illusion of space into which one could imagine walking, the illusion created by a Modernist is one into which one can look, can travel through, only with the eye."</q>
    <q author="Harold Rosenberg">"At a certain moment the canvas began to appear to one American painter after another as an arena in which to act - rather than as a space in which to reproduce, re-design, analyze, or 'express' an object, actual or imagined. What was to go on the canvas was not a picture but an event."</q>
    <q author="Willem de Kooning">"Every so often, a painter has to destroy painting. Cezanne did it, Picasso did it with Cubism. Then Pollock did it. He busted our idea of a picture all to hell."</q>
    <q author="Robert Motherwell">"The large format, at one blow, destroyed the century-long tendency of the French to domesticize modern painting, to make it intimate. We replaced the nude girl and the French door with a modern Stonehenge, with a sense of the sublime and the tragic that had not existed since Goya and Turner"</q>
    <q author="Art Historian Barbara Rose">"Because of their lofty ideals, the first generation who formed The New York School are often referred to as the 'heroic' generation of American artists. Inventing new images and new techniques, they searched for universal symbols not limited to any specific time or place."</q>
  </quotes>
  <article>
    <synopsys>"Abstract Expressionism" was never an ideal label for the movement, which developed in New York in the 1940s and 1950s. It was somehow meant to encompass not only the work of painters who filled their canvases with fields of color and abstract forms, but also those who attacked their canvases with a vigorous gestural expressionism. Still Abstract Expressionism has become the most accepted term for a group of artists who held much in common. All were committed to art as expressions of the self, born out of profound emotion and universal themes, and most were shaped by the legacy of &lt;span class="marked_text chart-tooltip-target-top tooltip_id-surrealism"&gt;Surrealism&lt;/span&gt;, a movement that they translated into a new style fitted to the post-war mood of anxiety and trauma. In their success, these New York painters robbed Paris of its mantle as leader of modern art, and set the stage for America's dominance of the international art world.</synopsys>
    <key_ideas>
      <idea>Political instability in Europe in the 1930s brought several leading Surrealists to New York, and many of the Abstract Expressionists were profoundly influenced by Surrealism's focus on mining the unconscious. It encouraged their interest in myth and archetypal symbols and it shaped their understanding of painting itself as a struggle between self-expression and the chaos of the subconscious.</idea>
      <idea>Most of the artists associated with Abstract Expressionism matured in the 1930s. They were influenced by the era's leftist politics, and came to value an art grounded in personal experience. Few would maintain their earlier radical political views, but many continued to adopt the posture of outspoken &lt;i&gt;avant-gardists&lt;/i&gt;.</idea>
      <idea>Having matured as artists at a time when America suffered economically and felt culturally isolated and provincial, the Abstract Expressionists were later welcomed as the first authentically American &lt;i&gt;avant-garde&lt;/i&gt;. Their art was championed for being emphatically American in spirit - monumental in scale, romantic in mood, and expressive of a rugged individual freedom.</idea>
      <idea>Although the movement has been largely depicted throughout historical documentation as one belonging to the paint-splattered, heroic male artist, there were several important female Abstract Expressionists that arose out of New York and San Francisco during the 1940s and '50s who now receive credit as elemental members of the canon.</idea>
    </key_ideas>
    <sections>
      <section title="Beginnings">
        <subsection title="">
          <p type="p">It is one of the many paradoxes of Abstract Expressionism that the roots of the movement lay in the figurative painting of the 1930s. Almost all the artists who would later become abstract painters in New York in the 1940s and 1950s were stamped by the experience of the Great Depression, and they came to maturity whilst painting in styles influenced by &lt;span class="marked_text chart-tooltip-target-top tooltip_id-social_realism"&gt;Social Realism&lt;/span&gt; and the &lt;span class="marked_text chart-tooltip-target-top tooltip_id-american_regionalism"&gt;Regionalist&lt;/span&gt; movements. By the late 1940s most had left those styles behind, but they learned much from their early work. It encouraged them in their commitment to an art based on personal experience. Time spent painting murals would later encourage them to create abstract paintings on a similarly monumental scale. The experience of working for the government-sponsored &lt;span class="marked_text chart-tooltip-target-top tooltip_id-federal_art_project_of_the_works_progress_administration"&gt;Works Progress Administration&lt;/span&gt; also brought many disparate figures together, and this would make it easier for them to band together again in the late 1940s and early 1950s when the new style was being promoted.</p>
        </subsection>
        <subsection title="New York in the 1930s and 1940s">
          <p type="img" alt="Museum of Modern Art's first director Alfred Barr designed this “Cubism and Abstract Art” exhibit poster (1936)" show="1">/images20/photo/photo_abstract_expressionism_1.jpg</p>
          <p type="p">Artists living in New York in the 1930s were the beneficiaries of an increasingly sophisticated network of museums and galleries, which staged major exhibitions of modern art. The Museum of Modern Art mounted shows such as "Cubism and Abstract Art," "Fantastic Art, Dada, Surrealism," and a major retrospective of &lt;span class="marked_text chart-tooltip-target-top tooltip_id-picasso_pablo"&gt;Pablo Picasso&lt;/span&gt;. And 1939 saw the opening of the Museum of Non-Objective Painting, later to be called the Solomon R. Guggenheim Museum, which boasted an important collection of &lt;span class="marked_text chart-tooltip-target-top tooltip_id-kandinsky_wassily"&gt;Wassily Kandinsky's&lt;/span&gt; works.</p>
          <p type="p">Many European modernists began to come to New York in the 1930s and 1940s to escape political upheaval and war. Some, such as the painter and teacher &lt;span class="marked_text chart-tooltip-target-top tooltip_id-hofmann_hans"&gt;Hans Hofmann&lt;/span&gt;, would prove directly influential. Hofmann had spent the early years of the century in Paris where he had met the likes of &lt;span class="marked_text chart-tooltip-target-top tooltip_id-picasso_pablo"&gt;Picasso&lt;/span&gt;, &lt;span class="marked_text chart-tooltip-target-top tooltip_id-matisse_henri"&gt;Henri Matisse&lt;/span&gt;, and &lt;span class="marked_text chart-tooltip-target-top tooltip_id-braque_georges"&gt;Georges Braque&lt;/span&gt;, who had acquired titanic reputations in artists' circles in New York. Hoffman was able to impart many of their ideas to his students through his sophisticated understanding of &lt;span class="marked_text chart-tooltip-target-top tooltip_id-cubism"&gt;Cubism&lt;/span&gt;, and love of Matisse's &lt;span class="marked_text chart-tooltip-target-top tooltip_id-fauvism"&gt;Fauvism&lt;/span&gt;, which was underappreciated by many in New York.</p>
          <p type="p">All this activity meant that New York's artists were extraordinarily knowledgeable about trends in modern European art. It left many with feelings of inferiority, yet these were slowly overcome in the 1940s. Personal encounters with many displaced Europeans, such as &lt;span class="marked_text chart-tooltip-target-top tooltip_id-breton_andre"&gt;André Breton&lt;/span&gt;, &lt;span class="marked_text chart-tooltip-target-top tooltip_id-dali_salvador"&gt;Salvador Dalí&lt;/span&gt;, &lt;span class="marked_text chart-tooltip-target-top tooltip_id-gorky_arshile"&gt;Arshile Gorky&lt;/span&gt;, &lt;span class="marked_text chart-tooltip-target-top tooltip_id-ernst_max"&gt;Max Ernst&lt;/span&gt;, &lt;span class="marked_text chart-tooltip-target-top tooltip_id-mondrian_piet"&gt;Piet Mondrian&lt;/span&gt;, and &lt;span class="marked_text chart-tooltip-target-top tooltip_id-masson_andre"&gt;André Masson&lt;/span&gt;, helped to dispel some of the mythic status these artists had acquired. As Europe suffered under totalitarian regimes in the 1930s, and later became mired in war, many Americans felt emboldened to transcend European influence, to develop a rhetoric of painting that was appropriate to their own nation, and, not least, to take the helm of advanced culture at a time when some of its oldest citadels were under threat. It was no accident that critic &lt;span class="marked_text chart-tooltip-target-top tooltip_id-greenberg_clement"&gt;Clement Greenberg&lt;/span&gt;, in one of his first important responses to the new movement, described it as: 'American-Type' Painting.</p>
          <p type="p">Indeed, as writer Mary Gabriel writes in "Ninth Street Women": "It would not have taken much reflection to conclude that works of art created before 1940 were no longer appropriate to describe the postwar world.  The broken planes of Cubism might have anticipated the destruction inherent in war but they were made irrelevant by its onset.  The dark terrors of the Surrealists were clever ruminations on the unconscious amid the rise of fascism.  But as one visitor to a Surrealist exhibition said, 'After the gas chambers ... what is there left for the poor Surrealists to shock us with?' ... poet Adrienne Rich wrote 'radical change in human sensibility required radical changes in artistic style' - that was where artists in New York founded themselves immediately after the war, looking for a way to express their altered reality." 
		  </p>
        </subsection>
        <subsection title="The Formation of the Movement">
          <p type="img" alt="“The Irascibles” legendary photograph by Nina Leen (1950)" show="1">/images20/photo/photo_abstract_expressionism_2.jpg</p>
          <p type="p">By the late 1940s, many factors were in place to give birth to the new movement - however varied and disparate its artists' work. &lt;span class="marked_text chart-tooltip-target-top tooltip_id-still_clyfford"&gt;Clyfford Still&lt;/span&gt; has been credited for kick-starting the movement in the years immediately following World War II with his own shift from representational to large, abstract works. In 1947 &lt;span class="marked_text chart-tooltip-target-top tooltip_id-pollock_jackson"&gt;Jackson Pollock&lt;/span&gt; developed his signature drip technique. The following year, &lt;span class="marked_text chart-tooltip-target-top tooltip_id-de_kooning_willem"&gt;Willem de Kooning&lt;/span&gt; had an influential show at the &lt;span class="marked_text chart-tooltip-target-top tooltip_id-charles_egan_gallery"&gt;Charles Egan Gallery&lt;/span&gt; where he introduced his &lt;i&gt;Women&lt;/i&gt; paintings, famously eliminating composition, light, arrangement, and relationships from his female portraits so that figuration turned into the abstract. &lt;span class="marked_text chart-tooltip-target-top tooltip_id-newman_barnett"&gt;Barnett Newman&lt;/span&gt; arrived at his artistic breakthrough with the picture &lt;i&gt;Onement I&lt;/i&gt;; and &lt;span class="marked_text chart-tooltip-target-top tooltip_id-rothko_mark"&gt;Mark Rothko&lt;/span&gt; began painting the "multi-form" paintings that would lead to the notable works of his mature period. In 1951,18 like-minded artists mounted a boycott of an exhibition of contemporary art at the Metropolitan Museum called "American Painting Today - 1950." Afterwards, they were cajoled into posing for a photo for Life magazine and were baptized as "The Irascibles." The piece popularized the term Abstract Expressionism, giving the movement a sense of group identity and common purpose.</p>
        </subsection>
      </section>
      <section title="Concepts, Styles, and Trends">
        <subsection title="Building upon Surrealism">
          <p type="p">Surrealism was an original influence on the themes and concepts of the Abstract Expressionists. Although the American painters were uneasy with the overt Freudian symbolism of the European movement, they were still inspired by its interests in the unconscious, as well as its strain of primitivism and preoccupation with mythology. Many were particularly interested in the ideas of the Swiss psychiatrist &lt;span class="marked_text chart-tooltip-target-top tooltip_id-jung_carl"&gt;Carl Jung&lt;/span&gt;, who believed that elements of a collective unconscious had been handed down through the ages by means of archetypal symbols, or primordial images, which had become recurrent motifs.</p>
          <p type="p">Before he was making his drip paintings, Pollock's interest in primeval themes appeared often. In his &lt;i&gt;She-Wolf&lt;/i&gt; piece, which he described "came into existence because I had to paint it," a somber wolf is overlaid with lines and swirls. Although the artist refused to discuss its content, it was made as the world struggled with global crisis and has been compared to the myth of the city of Rome's birth in which the wolf suckled the twin founders Romulus and Remus. Another artist, &lt;span class="marked_text chart-tooltip-target-top tooltip_id-gottlieb_adolph"&gt;Adolph Gottlieb&lt;/span&gt;, frequently included archetypal symbolism in his paintings. A cross, an egg, or an arrow might appear to express basic psychological ideas that were universally familiar.</p>
        </subsection>
        <subsection title="Color Field Painting">
          <p type="p">The emerging Abstract Expressionist artists had an impetus to move away from the &lt;span class="marked_text chart-tooltip-target-top tooltip_id-biomorphism"&gt;biomorphic&lt;/span&gt; Surrealism of Miró and Picasso, and toward an increasingly reductive style that emphasized a more personal expression. Still, Rothko, and Newman are typical of this progression as they ventured into the world of color as expressive, emotional object in its own right. Still created canvases marked by bold colors that were torn up and ruptured by other juxtaposing textures and forms, angular, uneven and vivid. Rothko experimented with abstract symbols in the early 1940s before moving towards entirely abstract fields of color. Newman similarly sought an approach that might strip away all extraneous motifs and communicate everything through one powerfully resonant symbol. Newman's 'zip' paintings presented vertical bands of color painted down the center of a canvas, which served to unify rather than divide the piece.</p>
          <p type="p">Although some would later argue that Color Field Painting represented a new manifestation of a long tradition of sublime landscape (connected to a long-running topic of &lt;span class="marked_text chart-tooltip-target-top tooltip_id-the_sublime_in_art"&gt;The Sublime in Art&lt;/span&gt;, noted theorist of the time &lt;span class="marked_text chart-tooltip-target-top tooltip_id-greenberg_clement"&gt;Clement Greenberg&lt;/span&gt; viewed the work of Still, Rothko, and Newman as an evolution of &lt;span class="marked_text chart-tooltip-target-top tooltip_id-formalism"&gt;formalism&lt;/span&gt; thus defining a fresh stream within Abstract Expressionism. Formalism was not interested in the contents of the work as much as analyzing the lines, color, and forms presented - a dissection of the way paintings were made and their purely visual aspects.</p>
          <p type="a_small" alt="Color Field Painting Movement Page">/movement/color-field-painting/</p>
        </subsection>
        <subsection title="Action Painting">
          <p type="p">Greenberg also championed Pollock's "drip" paintings in a formalist regard (as an exciting and vast new way to look at color splotches and spontaneous paint forms) although the work was most known for catapulting Abstract Expressionism's other main style - that of action painting. &lt;span class="marked_text chart-tooltip-target-top tooltip_id-rosenberg_harold"&gt;Harold Rosenberg&lt;/span&gt;, another important critic of the time, explained in a 1952 article for ART News entitled "The American Action Painters": "At a certain moment the canvas began to appear to one American painter after another as an arena in which to act - rather than a space in which to reproduce, redesign, analyze or 'express' an object, actual or imagined. What was to go on the canvas was not a picture but an event."</p>
          <p type="p">Rosenberg presented an insightful realization of what painters like Pollock, Kline and de Kooning all had in common. For them, the painting was seen only as a physical manifestation of the actual work of art, which was the process of making the painting. The spontaneous actions of the painter, the random drips and brush strokes, all represented a struggle or dance with the subconscious to unloose its contents through pure expression.</p>
          <p type="p">But this creative process was not without considerations toward control either. Pollock considered his drip technique to be, at least in part, a means of harnessing his unconscious; the effects thus laid bare for all to see on the surface of the canvas. But like many others, Pollock also insisted on an element of control in his method - as he once said, "No chaos, damn it!" - and he believed that the "drips" were powerfully expressive, rather than being merely random accumulations of paint. Indeed, they were self-expressive. Many Abstract Expressionists whose embrace of chaos was balanced by an impulse toward control shared the ambivalence in Pollock's attitude. This paradox explains much of the energetic tumult one finds in the work of many so-called "action painters" including de Kooning, Franz Kline and Robert Motherwell. In part it led to the "all-over" effect, which one sees in Pollock's mature work, and in de Kooning's abstract paintings of the late 1940s, in which forms seem to be dispersed evenly across the canvas - composure in the midst of chaos.</p>
          <p type="p">Many Abstract Expressionists of the time straddled both Color Field and Action Painting with their work. In &lt;span class="marked_text chart-tooltip-target-top tooltip_id-frankenthaler_helen"&gt;Helen Frankenthaler's&lt;/span&gt; early career, her canvases were a mix of pleasant blotches of color interspersed with loosely strategic forms. But she would go on to become one of the most famous Color Field painters of our time with her signature giant canvases stained with large washes of color, laid down in very physical fashion by large mops and squeegees.</p>
          <p type="a_small" alt="Action Painting Movement Page">/movement/action-painting/</p>
        </subsection>
        <subsection title="The Second Generation">
          <p type="p">The Abstract Expressionist movement of 1950s New York would make a huge impact on the art world and bloom outward to influence a &lt;span class="marked_text chart-tooltip-target-top tooltip_id-abstract_expressionism_second_generation"&gt;Second Generation of Abstract Expressionist&lt;/span&gt; artists with slightly different concerns. These artists were more diverse in terms of gender, socio-cultural environment, and geography although a key hub did emerge in San Francisco. Greenberg coined these followers of a decidedly de Kooning style, those who painted with a "tenth street touch," or loaded brush. Unlike their forebears, the second-generation artists' emphasis shifted from the interior, subjective world to the objective exterior - analyzing and questioning what gave things meaning. Greenberg staged a show in 1964 called "Post-Painterly Abstraction" to showcase these new styles, which had arisen from the influence of Abstract Expressionism and showcased this new generation of talent. &lt;span class="marked_text chart-tooltip-target-top tooltip_id-lyrical_abstraction"&gt;Lyrical Abstraction&lt;/span&gt; and &lt;span class="marked_text chart-tooltip-target-top tooltip_id-hard_edge_painting"&gt;Hard Edge&lt;/span&gt; would also emerge during this time. Second Generation Abstract Expressionists included &lt;span class="marked_text chart-tooltip-target-top tooltip_id-louis_morris"&gt;Morris Louis&lt;/span&gt;, &lt;span class="marked_text chart-tooltip-target-top tooltip_id-noland_kenneth"&gt;Kenneth Noland&lt;/span&gt;, &lt;span class="marked_text chart-tooltip-target-top tooltip_id-kelly_ellsworth"&gt;Ellsworth Kelly&lt;/span&gt;, &lt;span class="marked_text chart-tooltip-target-top tooltip_id-stella_frank"&gt;Frank Stella&lt;/span&gt;, &lt;span class="marked_text chart-tooltip-target-top tooltip_id-mitchell_joan"&gt;Joan Mitchell&lt;/span&gt;, and many others.</p>
          <p type="a_small" alt="Abstract Expressionism: Second Generation - Movement Page">/movement/abstract-expressionism-second-generation/</p>
        </subsection>
        <subsection title="Minorities of Abstraction ">
          <p type="p">During the 1940s and 50s, many female painters in New York and San Francisco were producing work in tandem with their more highly publicized male counterparts, yet they remained largely absent from the literature, textbooks and documentation of the times. Abstract Expressionism was often characterized as a robustly masculine, white man's field, cutting a bold and aggressive swath through the softer aspects of fine art. But women like &lt;span class="marked_text chart-tooltip-target-top tooltip_id-abbott_mary"&gt;Mary Abbott&lt;/span&gt;, &lt;span class="marked_text chart-tooltip-target-top tooltip_id-defeo_jay"&gt;Jay DeFeo&lt;/span&gt;, &lt;span class="marked_text chart-tooltip-target-top tooltip_id-fine_perle"&gt;Perle Fine&lt;/span&gt;, &lt;span class="marked_text chart-tooltip-target-top tooltip_id-frankenthaler_helen"&gt;Helen Frankenthaler&lt;/span&gt;, &lt;span class="marked_text chart-tooltip-target-top tooltip_id-gechtoff_sonia"&gt;Sonia Gechtoff&lt;/span&gt;, &lt;span class="marked_text chart-tooltip-target-top tooltip_id-godwin_judith"&gt;Judith Godwin&lt;/span&gt;, &lt;span class="marked_text chart-tooltip-target-top tooltip_id-hartigan_grace"&gt;Grace Hartigan&lt;/span&gt;, &lt;span class="marked_text chart-tooltip-target-top tooltip_id-de_kooning_elaine"&gt;Elaine de Kooning&lt;/span&gt;, &lt;span class="marked_text chart-tooltip-target-top tooltip_id-krasner_lee"&gt;Lee Krasner&lt;/span&gt;, &lt;span class="marked_text chart-tooltip-target-top tooltip_id-mitchell_joan"&gt;Joan Mitchell&lt;/span&gt;, &lt;span class="marked_text chart-tooltip-target-top tooltip_id-remington_deborah"&gt;Deborah Remington&lt;/span&gt;, and &lt;span class="marked_text chart-tooltip-target-top tooltip_id-schwabacher_ethel"&gt;Ethel Schwabacher&lt;/span&gt; were also experimenting with material and process to free themselves from previous artistic conventions. Although very individualized in essence, the work of these female artists often presented expressions in response to recurring themes such as place, seasons, or references from literature, dance and music. Similarly, African American artists &lt;span class="marked_text chart-tooltip-target-top tooltip_id-lewis_norman"&gt;Norman Lewis&lt;/span&gt;, who used bright expressive palettes and calligraphic lines to express the eternal conflict between joy and plight within his racial community; and &lt;span class="marked_text chart-tooltip-target-top tooltip_id-clark_edward"&gt;Ed Clark&lt;/span&gt;, who was one of the early users of shaped canvases, were important contributors to the movement who flew low under the public's radar of the time.</p>
        </subsection>
      </section>
      <section title="Later Developments">
        <subsection title="">
          <p type="img" alt="In August 8, 1949 Life Magazine asks: 'Jackson Pollock: Is he the greatest living painter in the United States?' with a photo of the artist leaning against one of his drip paintings." show="1">/images20/photo/photo_abstract_expressionism_3.jpg</p>
          <p type="p">By the mid 1950s the style had also run its course in other ways. The movement's greatest achievements were often built on a conflict between chaos and control. which could only be played out in so many ways. Some artists, such as Newman and Rothko, had evolved a style so reductive that there was little room for development - and to change course would have shrunk the grandeur of their bold trademarks.</p>
          <p type="p">Younger artists following the development of this generation were less persuaded by artists who were said to put forth one sublime expression after another, often in series, and they grew tired of their postures of heroism. Homosexual artists, such as &lt;span class="marked_text chart-tooltip-target-top tooltip_id-johns_jasper"&gt;Jasper Johns&lt;/span&gt;, &lt;span class="marked_text chart-tooltip-target-top tooltip_id-rauschenberg_robert"&gt;Robert Rauschenberg&lt;/span&gt;, &lt;span class="marked_text chart-tooltip-target-top tooltip_id-warhol_andy"&gt;Andy Warhol&lt;/span&gt;, and &lt;span class="marked_text chart-tooltip-target-top tooltip_id-kelly_ellsworth"&gt;Ellsworth Kelly&lt;/span&gt;, also felt little affinity with the macho styles and rhetoric of the New York School. Some, like Johns, would learn much from the Abstract Expressionists, and carry their interest in the autographic gesture in fresh directions, introducing qualities of irony, ambiguity and reticence, which the older generation could never have countenanced. Others, like Warhol, were too enthralled by the pop culture of the streets to have much in common with the lofty ambitions of hard-drinking womanizers such as Pollock and de Kooning.</p>
          <p type="img" alt="Photo of Jackson Pollock working in his studio. Pollock showed artists and theorists new directions of creativity, including the act of “being” in the painting while creating it. He, in essence, performed his work to fruition. " show="0">/images20/photo/photo_abstract_expressionism_4.jpg</p>
          <p type="p">By the late 1950s, Abstract Expressionism had entirely lost its place at the center of critical debate and a new generation was on the cusp of success. Yet the legacy of the movement was to be considerable. &lt;span class="marked_text chart-tooltip-target-top tooltip_id-kaprow_allan"&gt;Allan Kaprow&lt;/span&gt; sensed this as early as 1958 when he wrote an article for ART News entitled "What is the legacy of Jackson Pollock?" His answer pointed beyond painting, and Pollock's influence was certainly felt in areas where performance had a role: he was to be important to the &lt;span class="marked_text chart-tooltip-target-top tooltip_id-gutai"&gt;Japanese Gutai&lt;/span&gt; movement as well as the &lt;span class="marked_text chart-tooltip-target-top tooltip_id-viennese_actionism"&gt;Viennese Actionists&lt;/span&gt;. But the influence of the movement as a whole would continue to be felt by painters maturing in subsequent decades. It was important for the likes of &lt;span class="marked_text chart-tooltip-target-top tooltip_id-rockburne_dorothea"&gt;Dorothea Rockburne&lt;/span&gt;, &lt;span class="marked_text chart-tooltip-target-top tooltip_id-steir_pat"&gt;Pat Steir&lt;/span&gt;, &lt;span class="marked_text chart-tooltip-target-top tooltip_id-rothenberg_susan"&gt;Susan Rothenberg&lt;/span&gt; and &lt;span class="marked_text chart-tooltip-target-top tooltip_id-whitten_jack"&gt;Jack Whitten&lt;/span&gt; in the 1970s. Its rhetoric - if not its direct example - would be important for many &lt;span class="marked_text chart-tooltip-target-top tooltip_id-neo_expressionism"&gt;Neo-Expressionists&lt;/span&gt; in the 1980s such as &lt;span class="marked_text chart-tooltip-target-top tooltip_id-schnabel_julian"&gt;Julian Schnabel&lt;/span&gt; and &lt;span class="marked_text chart-tooltip-target-top tooltip_id-basquiat_jean_michel"&gt;Jean-Michel Basquiat&lt;/span&gt;. And in the 1990s it again provided an example to painters such as &lt;span class="marked_text chart-tooltip-target-top tooltip_id-brown_cecily"&gt;Cecily Brown&lt;/span&gt;. The themes and concepts that informed Abstract Expressionism may have lost the power to compel young artists, but the movement's achievements continue to supply them with standards against which to be measured.</p>
          <p type="p">In 2016, the ladies of the movement finally received their due when the Denver Art Museum compiled the traveling Women of Abstraction exhibition. It was the first major organized recognition of over fifty important pieces seen together as a cohesive whole.</p>
        </subsection>
      </section>
    </sections>
  </article>
  <chart>
    <top />
    <bottom />
  </chart>
  <similar_artworks>
    <artwork from="movement" page="surrealism">The Accommodations of Desire (1929)</artwork>
    <artwork from="movement" page="cubism">Violin and Palette (1909)</artwork>
    <artwork from="artist" page="rauschenberg_robert">Bed (1955)</artwork>
  </similar_artworks>
  <artworks>
    <artwork>
      <title>1957-D-No. 1</title>
      <artist>Clyfford Still</artist>
      <year>1957</year>
      <materials>Oil on canvas</materials>
      <desc>
				In the early 1940s Clyfford Still, like many other artists of the time, was primarily a representational painter, evoking moody dark scenes in somber colors. By the mid 1940s his work began to change with the appearances of dashes and jags of colored lines atop his paintings. This marked his own shift into Abstract Expressionism as a non-objective painter interested in juxtaposing different colors and surfaces into a variety of formations. 
				&lt;br/&gt;&lt;br/&gt;
				Although known for being one of the prominent Color Field painters, Still's hot bursts and crackly lines of vivid hues that conjure tears and gashes were distinct from say Rothko's more simplified washes of color, or Newman's thin lines. This can be seen in &lt;i&gt;1957-D-No. 1&lt;/i&gt;, a large work that recalls natural shapes and phenomena reminiscent of cave stalagmites, caverns, and other mysterious elements that lie just beneath the surface of our everyday conscious recognition. The relationships within Still's compositional ingredients, of foreground and background, bring to mind life's dance between light and dark - something Still loved expressing, a self-described "life and death merging in fearful union."
			</desc>
      <collection>Albright-Knox Art Gallery, Buffalo, New York</collection>
      <use_big_image>true</use_big_image>
    </artwork>
    <artwork>
      <title>Autumn Rhythm (Number 30)</title>
      <artist>Jackson Pollock</artist>
      <year>1950</year>
      <materials>Enamel on canvas</materials>
      <desc>
				The piece is exemplary of Pollock's famous "drip" works in which paint was poured, splattered, and applied by the artist in an extremely physical fashion from above to a canvas which lay on the ground. This process of expressing an internal emotional turbulence through gesture, line, texture, and composition represented a breakthrough for Pollock in his career and helped put the New York School of painters on the map. These paintings became the impetus for critic Rosenberg's coining of the term Action Painting. And this unlikely combination of chance and control became tantamount to Abstract Expressionism's evolution. 
			</desc>
      <collection>The Metropolitan Museum of Art, New York City</collection>
      <use_big_image>true</use_big_image>
    </artwork>
    <artwork>
      <title>Excavation</title>
      <artist>Willem de Kooning</artist>
      <year>1950</year>
      <materials>Oil and enamel on canvas</materials>
      <desc>
				&lt;i&gt;Excavation&lt;/i&gt; is one of Willem de Kooning's most renowned works, and a true depiction of his Abstract Expressionist style. In it, we see a multitude of outlined forms that are abstractions of familiar shapes right on the periphery of recognition: fishes, birds, jaws, eyes and teeth. De Kooning has said of his work, "I paint this way because I can keep putting more and more things in - drama, anger, pain, love, a figure, a horse, my ideas about space." After this frenzied pile up of imagery, de Kooning would then, with signature chaos and deliberation, remove, scrape and add paint until he unearthed what he wanted. The resulting piece presented a true excavation of the artist's mind and movements in the moment. 
				&lt;br/&gt;&lt;br/&gt;
				De Kooning remains one of the most seminal gestural "action painters" who worked often with broad brushstrokes and in light, pastel palettes. He sought authenticity of experience, not only in the making of his paintings but also in the representation of the experience on canvas.
			</desc>
      <collection>The Art Institute of Chicago</collection>
    </artwork>
    <artwork>
      <title>Vir heroicus sublimis</title>
      <artist>Barnett Newman</artist>
      <year>1950-51</year>
      <materials>Oil on canvas</materials>
      <desc>
				Translated as "Man, heroic and sublime," &lt;i&gt;Vir heroicus sublimis&lt;/i&gt; was, at 95"x213", Newman's largest painting at the time it was completed, although he would go on to create even more expansive works. In it we see a vast field of dark red punctuated twice with vertical lines that Newman coined "zips." He believed that this abbreviated signature motif could communicate qualities of humanity which found echoes in ancient art. He intended audiences to view his paintings from a close vantage point, allowing the colors to fully surround them - hence he was considered to be a Color Field painter. He also felt the intimacy the painting provoked was much akin to two people meeting and the kind of inherent chemistry that evoked. 
				&lt;br/&gt;&lt;br/&gt;
				Although Newman's work was important to the movement for its scale and simplicity, it was this relationship between painting and viewer that was most notable. Mel Bochner, an artist associated with Conceptualism, remembered encountering it at MoMA in the late 1960s and realizing that its size and color created a new kind of contact between art and the viewer. "A woman standing there [looking at it] was covered with red," he recalled. "I realized it was the light shining on the painting reflecting back, filling the space between the viewer and the artwork that created the space, the place. And that that reflection of the self of the painting, the painting as the subject reflected on the viewer, was a wholly new category of experience."
				&lt;br/&gt;&lt;br/&gt;
				Similar philosophies, of a stripped down experience between painting and onlooker, would be seen later in the work of the Minimalists.
			</desc>
      <collection>The Museum of Modern Art, New York</collection>
      <use_big_image>true</use_big_image>
    </artwork>
    <artwork>
      <title>No. 6 (Violet, Green, Red)</title>
      <artist>Mark Rothko</artist>
      <year>1951</year>
      <materials>Oil on canvas</materials>
      <desc>
				Mark Rothko's work exemplifies Abstract Expressionism's Color Field paintings. Each piece is titled by color variations, and all consist of soft, rectangular bands of color stretching horizontally across the canvas. &lt;i&gt;Violet, Green and Red&lt;/i&gt; is a prime example of this kind of chromatic abstraction. 
				&lt;br/&gt;&lt;br/&gt;
				Color Field painters were concerned with brushstroke and paint texture, but they came to view color as the most powerful communication tool. Rothko's blocks of color were meant to strike up a relationship with the viewer's deep consciousness, to provide a contemplative, meditative space in which to visually investigate one's own moods and affiliations with the chosen palette. He sought to distill an essence, or true nature, out of codified hues. Along with his friend, the painter Adolph Gottlieb, Rothko wrote a series of statements in 1943 to explain his work. In one, they wrote: "We favor the simple expression of the complex thought."
			</desc>
      <collection>Private Collection</collection>
    </artwork>
    <artwork>
      <title>Chief</title>
      <artist>Franz Kline</artist>
      <year>1950</year>
      <materials>Oil on canvas</materials>
      <desc>
				Franz Kline started his career in figuration and was known to project large images of his drawings on the wall to use in for his paintings. One day he blew an image up too large resulting in only a fraction of it appearing in bold, thick black strokes. He was so taken by the abstraction that he was inspired to start painting them. The pieces, although entirely unrecognizable as to their original subject, still seemed to reverberate with an energy that connected them believably to their titles. Kline's work was also noted for its energetic palette of bold black and white strokes; he made a note to always paint the white rather than relying on the canvas to take on that color's role. 
				&lt;br/&gt;&lt;br/&gt;
				Kline's work typifies that of the "action painters" celebrated by Harold Rosenberg. But no matter how energetic and urgent his pictures seemed to be, they were always carefully considered in their execution. So much so that critics have speculated wildly on the sources behind images such as this one. Chief was the name of a locomotive Kline remembered from his childhood, and it's possible to read the image as a sensory reminiscence of its power, sound, and steaming engine. Some also believed that the artist's obsession with black was connected to his childhood spent in a coal-mining community dominated by heavy industry.
			</desc>
      <collection>The Museum of Modern Art, New York</collection>
      <use_big_image>true</use_big_image>
    </artwork>
    <artwork>
      <title>Mountains and Sea</title>
      <artist>Helen Frankenthaler</artist>
      <year>1952</year>
      <materials>Oil and Charcoal on unsized, unprimed canvas</materials>
      <desc>
				Frankenthaler was introduced to the New York art scene through her friend, the critic Clement Greenberg and she spent a summer in 1950 studying with Hans Hoffman. She was at the Betty Parsons Gallery for Jackson Pollock's debut show and said of it: "It was all there. I wanted to live in this land. I had to live there, and master the language." Which she did, becoming an active painter for the next six decades. 
				&lt;br/&gt;&lt;br/&gt;
				&lt;i&gt;Mountains and Sea&lt;/i&gt; (1952) is one of Frankenthaler's most important works and first major paintings executed when she was only twenty-three. Not only is it monumental in size at 7 x 10 feet; it also reflects the artist's departure from traditional mediums and surface and the onset of her signature technique. Rather than treating paint as a layer meant to sit on top of the canvas, she thinned oils (and later switched to acrylics) with turpentine to the consistency of watercolor. She would then place large swaths of unprimed canvas onto the floor and through a highly physical dance of pouring, dripping, sponging, rolling and mopping, would apply the liquid washes. The effect was one of staining - the paint would completely sink into the canvas creating an integrated, transparent effect. Much like the other Abstract Expressionists, this process allowed for both control and spontaneity. 
				&lt;br/&gt;&lt;br/&gt;
				The piece was inspired by Frankenthaler's trip to Nova Scotia and is reflective of her interest in achieving luminosity on the canvas. Landscape would continue to inspire her work, which has become synonymous with some of the most innovative Color Field investigations to arise from the movement.</desc>
      <collection>Collection Helen Frankenthaler Foundation, Inc. (on extended loan to the National Gallery of Art, Washington</collection>
      <use_big_image>true</use_big_image>
    </artwork>
    <artwork>
      <title>Zone</title>
      <artist>Philip Guston</artist>
      <year>1953-54</year>
      <materials>Oil on canvas</materials>
      <desc>&lt;i&gt;Zone&lt;/i&gt;, a painting that reflects the focused concentration of Philip Guston's mature work, suggests a warm calm, with its mist of red hatch-marks filling the painting's center. ("Look at any inspired painting," he once said, "it's like a gong sounding; it puts you in a state of reverberation.") Here, Guston hones his mark-making, and builds layers of paint out of quick, small strokes that are quite distinct from the wilder gestures of some of his colleagues. This approach led him to be characterized at one time as an "American Impressionist", and also suggests just how varied was the work embraced by the official title of the movement, Abstract Expressionism.</desc>
      <collection>The Edward R. Broida Trust, Los Angeles</collection>
    </artwork>
    <artwork>
      <title>Thaw</title>
      <artist>Lee Krasner</artist>
      <year>1957</year>
      <materials>Oil on canvas</materials>
      <desc>&lt;i&gt;Thaw&lt;/i&gt; is Lee Krasner's ode to a joyous spring bursting forth with exuberant brushstrokes and vibrant color after a long winter. The repetition of oval shapes partially filled with color suggests tropical foliage, ripe and fruitful, unlike any found on earth. It is an abstract nature inspired by Henri Matisse and nurtured in the studio of her teacher, the artist Hans Hofmann. Hofmann would also have inspired her freedom to attack a bare canvas with a paint-heavy brush. Her strokes have an unerring energy and athleticism that scorns revision. Few have been reinforced so as to structure the composition, but in many the tracks of the brush hairs are visibly unaltered. These are the gestures of a painter highly inspired by nature and marked by an unfettered spirit.</desc>
      <collection>Available on line Wikiarts. Christie's sale 2007</collection>
    </artwork>
    <artwork>
      <title>Bullfight</title>
      <artist>Elaine de Kooning</artist>
      <year>1959</year>
      <materials>Oil on canvas</materials>
      <desc>
				Bullfight is a boisterous expression of passion and color in varied brushstrokes, which cover the canvas in a sort of chaotic symmetry. The artist has said of her style: "I'm more interested in character than style. Character comes out of the work. Style is applied or imposed on the work. Style can be a prison." Her work is known for this impulse toward freedom along with movement, attention to balance and design and deliberate choices about color, form and composition. 
				&lt;br/&gt;&lt;br/&gt;
				De Kooning was extremely immersed in the movement. When she began making her first paintings, she was an editorial associate at ARTnews and one of the first to write reviews and articles on her fellow Abstract Expressionist members such as Franz Kline and Mark Rothko. She was also married to the key Abstract Expressionism figure, Willem de Kooning.
			</desc>
      <collection>Denver Art Museum</collection>
    </artwork>
    <artwork>
      <title>Essex</title>
      <artist>John Chamberlain</artist>
      <year>1960</year>
      <materials>Painted and chromium plated steel</materials>
      <desc>&lt;i&gt;Essex&lt;/i&gt; is a wall relief reminiscent of an inflated abstract painting and typifies much of Chamberlain's freestanding sculptures. The artist spontaneously crafted these pieces with car parts found in junkyards, assembling them through chance intuition. Additional colors were then applied to reinforce the palette of common auto paints and emphasize the broken surfaces that bulged out from the wall and captured light on their reflective surfaces. The sharply cut pieces of steel Chamberlain used were fitted to bring out linear rhythms much like the actions made by painters' brushes. Similar to sculptor David Smith, Chamberlain's spontaneous methods and work resembled three-dimensional versions of Abstract Expressionistic paintings, which justified his inclusion in the group.</desc>
      <collection>Museum of Modern Art - New York City</collection>
    </artwork>
    <artwork>
      <title>Evening Rendezvous</title>
      <artist>Norman Lewis</artist>
      <year>1962</year>
      <materials>Oil on canvas</materials>
      <desc>Although Lewis often said that art was not a tool for solving society's problems, his work was often a place for him to work out the emotionally charged experiences and challenges of being a man of color and all the permutations that presented within his community at large. This piece, distinctive for its red, white and blue all-American palette, although highly abstract, conjures the imagery of hooded Klansmen gathered around a bonfire at twilight - colluding under a perversely false guise of patriotism. The background typifies Lewis' use of atmospheric washes of hue to inform mood, in this case a somber one.</desc>
      <collection>Smithsonian American Art Museum</collection>
    </artwork>
    <artwork>
      <title>Cubi VI</title>
      <artist>David Smith</artist>
      <year>1963</year>
      <materials>Stainless steel</materials>
      <desc>
				&lt;i&gt;Cubi VI&lt;/i&gt; by David Smith is one of the series of sculptures in stainless steel that epitomize his mature career as an artist. It is an abstract composition of geometric figures - squares and rectangles, in a vertical arrangement and intended to stand out of doors like a sentinel or a totem. Although greater than "life size" it nevertheless has the anatomical proportions of a human with legs, torso and head rendered through geometry. And while it is static there is a quality of anticipated movement to be found in its broken silhouette. The figure is asymmetrical and implies that a shift in space could be anticipated. 
				&lt;br/&gt;&lt;br/&gt;
				Smith was a complex artist who drew and painted with equal talent and understood the power of light falling upon these rectangular areas. So the surfaces have been abraded and drawn upon with tools and made to sparkle in sunlight, becoming a further source of sculptural animation: abstraction and expression united in an icon.
			</desc>
      <collection>The Israel Museum, Jerusalem</collection>
      <use_big_image>true</use_big_image>
    </artwork>
  </artworks>
  <sidebar>
    <category name="key artists" is_recommended="false">
      <subcategory name="not_to_show" class="">
        <entry>
          <id>pollock_jackson</id>
          <link />
          <title />
          <info />
        </entry>
        <entry>
          <id>de_kooning_willem</id>
          <link />
          <title />
          <info />
        </entry>
        <entry>
          <id>rothko_mark</id>
          <link />
          <title />
          <info />
        </entry>
        <entry>
          <id>frankenthaler_helen</id>
          <link />
          <title />
          <info />
        </entry>
        <entry>
          <id>still_clyfford</id>
          <link />
          <title />
          <info />
        </entry>
        <entry>
          <id>krasner_lee</id>
          <link />
          <title />
          <info />
        </entry>
        <entry>
          <id>hofmann_hans</id>
          <link />
          <title />
          <info />
        </entry>
        <entry>
          <id>newman_barnett</id>
          <link />
          <title />
          <info />
        </entry>
      </subcategory>
    </category>
    <category name="art story website features" is_recommended="false">
      <subcategory name="not_to_show" class="">
        <entry>
          <title>Abstract Expressionism Event Timeline</title>
          <link>/timeline-abex.htm</link>
          <info>Interactive timeline of major events in the development of the movement</info>
        </entry>
        <entry>
          <title>Art Theory and Critics</title>
          <link>/section-critics.htm</link>
          <info>Overview of Abstract Expressionist ideas and the theoricians behind those ideas</info>
        </entry>
        <entry>
          <title>Venues of Abstract Expressionism</title>
          <link>/section-galleries.htm</link>
          <info>The galleries, museums, clubs, and schools where the movement took shape</info>
        </entry>
      </subcategory>
    </category>
    <category name="current exhibitions" />
    <category name="featured books">
      <subcategory name="not_to_show" class="">
        <entry>
          <title>Abstract Expressionism (World of Art, 2&lt;sup&gt;nd&lt;/sup&gt; edition) (2015)</title>
          <link>0500204276</link>
          <info>By Debra Bricker Balken</info>
        </entry>
        <entry>
          <title>Abstract Expressionism: A World Elsewhere (2010)</title>
          <link>1905620284</link>
          <info>By David Anfam</info>
        </entry>
        <entry>
          <title>Ninth Street Women: Lee Krasner, Elaine de Kooning, Grace Hartigan, Joan Mitchell, and Helen Frankenthaler: Five Painters and the Movement That Changed Modern Art</title>
          <link>0316226181</link>
          <info>By Mary Gabriel</info>
        </entry>
        <entry>
          <title>Abstract Expressionism: The International Context (2007)</title>
          <link>0813539757</link>
          <info>
					Focus on movements influence on international art scene
					&lt;br/&gt;
					By Joan Marter, David Anfam
					</info>
        </entry>
        <entry recommended="true">
          <title>Reading Abstract Expressionism: Context and Critique (2005)</title>
          <link>0300106130</link>
          <info>
					A selection of readings including influential statements by Rothko, Motherwell, Pollock, and Newman as well as commentary by diverse critics. No reproductions of works
					&lt;br/&gt;
					By Ellen G. Landau
					
					</info>
        </entry>
        <entry>
          <title>American Abstract Expressionism of the 1950s: An Illustrated Survey (2003)</title>
          <link>0967799414</link>
          <info>
					 88 artists are represented with statements in their own words and a biography.
					&lt;br/&gt;
					 By Marika Herskovic
					</info>
        </entry>
        <entry>
          <title>Abstract Expressionism: Other Politics (1999)</title>
          <link>0300080727</link>
          <info>
					History of the movement by investigation of other, largely-ignored artists - people of color, women, gays, and lesbians.
					&lt;br/&gt;
					By Ann Eden Gibson
					</info>
        </entry>
        <entry recommended="true">
          <title>The New York School: A Cultural Reckoning (1992)</title>
          <link>0520081064</link>
          <info>By Dore Ashton</info>
        </entry>
      </subcategory>
    </category>
    <category name="resources">
      <subcategory name="video clips" class="clips">
        <entry recommended="true">
          <title>The New York School (1972)</title>
          <link>https://youtu.be/XM6UbghMxF0</link>
          <info>Trailer for Michael Blackwood Productions film</info>
        </entry>
        <entry>
          <title>Ovation TV's documentary on Jackson Pollock</title>
          <link>http://www.youtube.com/watch?v=wGVuJ3q8fuQ</link>
          <info />
        </entry>
        <entry>
          <title>Pollock Painting</title>
          <link>http://www.youtube.com/watch?index=2&amp;feature=PlayList&amp;v=7bICqvmKL5s&amp;list=PLB96D721E374290D0</link>
          <info />
        </entry>
        <entry>
          <title>Inside New York Art World's episode with Lee Krasner</title>
          <link>http://www.youtube.com/watch?v=yFdE0bH9FRg</link>
          <info />
        </entry>
        <entry recommended="true">
          <title>Jackson Pollock: Icons of Abstract Expressionism (trailer)</title>
          <link>http://www.youtube.com/watch?v=E2C8ziyOWR8&amp;feature=PlayList&amp;p=B96D721E374290D0&amp;playnext=1&amp;playnext_from=PL&amp;index=3</link>
          <info />
        </entry>
        <entry>
          <title>Robert Rauschenberg on Erased De Kooning</title>
          <link>http://www.youtube.com/watch?v=tpCWh3IFtDQ&amp;feature=related</link>
          <info />
        </entry>
      </subcategory>
      <subcategory name="web resources " class="websites">
        <entry>
          <title>Abstract Expressionism Timeline of Events</title>
          <link>https://warholstars.org/abstract-expressionism/abstractexpressionism.html</link>
          <info>Warhol Stars AbEx site</info>
        </entry>
      </subcategory>
      <subcategory name="articles" class="articles">
        <entry recommended="true">
          <title>Modern art was CIA 'weapon'</title>
          <link>http://www.independent.co.uk/news/world/modern-art-was-cia-weapon-1578808.html</link>
          <info>How the US spy agency used art by&lt;br/&gt;Pollock and de Kooning in a cultural Cold War&lt;br/&gt;By Frances Stonor Saunders&lt;br/&gt;The Independent&lt;br/&gt;22 October 1995</info>
        </entry>
        <entry>
          <title>Rebel Painters of the 1950s</title>
          <link>http://www.npg.si.edu/exh/rebels/painters.htm</link>
          <info>By Carolyn Kinder Carr&lt;br/&gt;National Portrait Gallery</info>
        </entry>
        <entry>
          <title>The New Abstraction</title>
          <link>http://www.artnews.com/2007/04/01/the-new-abstraction/</link>
          <info>By Barbara A MacAdam&lt;br/&gt;Art News&lt;br/&gt;November 2007</info>
        </entry>
      </subcategory>
      <subcategory name="abstract expressionism in popular culture" class="in-pop">
        <entry recommended="true">
          <title>Pollock</title>
          <link>http://www.amazon.com/Pollock-Tom-Bower/dp/B00005KHJJ/ref=sr_1_1?ie=UTF8&amp;s=dvd&amp;qid=1244262029&amp;sr=1-1</link>
          <info>Popular biography of Jackson Pollock and his circle.&lt;br/&gt;Written and directed by Ed Harris.</info>
        </entry>
        <entry recommended="true">
          <title>Who the #$&amp;% Is Jackson Pollock?</title>
          <link>http://www.amazon.com/Who-%25-Jackson-Pollock-Documentary/dp/B000NVI0EY/ref=sr_1_2?ie=UTF8&amp;s=dvd&amp;qid=1244262029&amp;sr=1-2</link>
          <info>Low-budget movie about a missing Pollock painting.</info>
        </entry>
      </subcategory>
    </category>
  </sidebar>
</data>